Binder Name,Binder Type,Name,Set code,Set name,Collector number,Foil,Rarity,Quantity,ManaBox ID,Scryfall ID,Purchase price,Misprint,Altered,Condition,Language,Purchase price currency,Added
Lord of the Rings,binder,Stone of Erech,LTR,The Lord of the Rings: Tales of Middle-earth,251,normal,uncommon,1,83452,bc02e193-df33-4eb1-adc1-b51ee931218a,0.46,false,false,mint,en,AUD,2026-06-18T12:02:21.367Z
Lord of the Rings,binder,"Glóin, Dwarf Emissary",LTR,The Lord of the Rings: Tales of Middle-earth,132,normal,rare,1,83261,868a2aa7-bcaf-409b-8802-d00ee1f2ae77,1.42,false,false,mint,en,AUD,2026-06-18T12:04:04.140Z
Lord of the Rings,binder,Knights of Dol Amroth,LTR,The Lord of the Rings: Tales of Middle-earth,59,normal,common,2,83146,661338ff-a192-4007-a144-63d00f2e9ecb,0.14,false,false,mint,en,AUD,2026-06-18T12:04:28.833Z
Lord of the Rings,binder,Regathan Firecat,PLST,The List,M14-150,normal,common,1,81678,54c2c727-cc91-481f-b33c-e8d211501f69,0.26,false,false,mint,en,AUD,2026-06-18T12:05:11.053Z
Lord of the Rings,binder,Fire of Orthanc,LTR,The Lord of the Rings: Tales of Middle-earth,127,normal,common,1,83332,9b5871c5-bb94-4803-93ba-cd1a630b00d6,0.19,false,false,mint,en,AUD,2026-06-18T12:05:56.033Z
Lord of the Rings,binder,Cast into the Fire,LTR,The Lord of the Rings: Tales of Middle-earth,118,normal,common,1,82962,2ef878cb-27b6-47d8-ad11-bd20529b0e7e,1.23,false,false,mint,en,AUD,2026-06-18T12:06:15.407Z
Lord of the Rings,binder,Smite the Deathless,LTR,The Lord of the Rings: Tales of Middle-earth,148,normal,common,2,83271,8b716fcc-c4cc-4987-be82-2897a9888d23,0.21,false,false,mint,en,AUD,2026-06-18T12:06:45.040Z
Lord of the Rings,binder,Storm of Saruman,LTR,The Lord of the Rings: Tales of Middle-earth,413,normal,mythic,1,82895,1a02fac3-8990-4bd1-8e34-beec6332088c,7.22,false,false,mint,en,AUD,2026-06-18T12:08:23.575Z
Lord of the Rings,binder,Old Ghastbark,PLST,The List,SHM-232,normal,common,1,83941,a919c38a-9f58-4786-a3fd-aeba2379e877,0.17,false,false,mint,en,AUD,2026-06-18T12:09:08.438Z
Lord of the Rings,binder,Knights of Dol Amroth,LTR,The Lord of the Rings: Tales of Middle-earth,432,normal,common,1,82848,0c511371-97d7-47cc-934c-939dfbdd1c0b,0.21,false,false,mint,en,AUD,2026-06-18T12:09:42.507Z
Lord of the Rings,binder,Prince Imrahil the Fair,LTR,The Lord of the Rings: Tales of Middle-earth,431,normal,uncommon,1,83349,a0c9c814-df6b-4b54-a233-9bed31009bed,0.38,false,false,mint,en,AUD,2026-06-18T12:10:09.746Z
Lord of the Rings,binder,There and Back Again,LTR,The Lord of the Rings: Tales of Middle-earth,151,normal,rare,1,83303,939b0bd0-24ea-45de-a2d3-37bbf6a3e6f9,6.41,false,false,mint,en,AUD,2026-06-18T12:17:19.723Z
Lord of the Rings,binder,"Andúril, Flame of the West",LTR,The Lord of the Rings: Tales of Middle-earth,236,normal,mythic,1,83224,7e7b9eea-a224-4db1-a089-cb385f7af20c,7.02,false,false,mint,en,AUD,2026-06-18T12:18:50.834Z
Lord of the Rings,binder,"The Balrog, Durin's Bane",LTR,The Lord of the Rings: Tales of Middle-earth,405,normal,rare,1,83268,88a2d7f8-0055-4d53-8e1e-9810d384cdb8,1.31,false,false,mint,en,AUD,2026-06-18T12:22:43.743Z
Lord of the Rings,binder,Oath of the Grey Host,LTR,The Lord of the Rings: Tales of Middle-earth,101,normal,uncommon,2,83165,6a780abd-f276-40d3-b2af-d2e47d858d3d,0.17,false,false,mint,en,AUD,2026-06-18T12:23:25.536Z
Lord of the Rings,binder,Ringwraiths,LTR,The Lord of the Rings: Tales of Middle-earth,284,normal,rare,1,82953,2a8495c3-96cf-40ab-b68a-1b5711b7659e,3.32,false,false,mint,en,AUD,2026-06-18T12:24:07.896Z
Lord of the Rings,binder,"Shadowfax, Lord of Horses",LTR,The Lord of the Rings: Tales of Middle-earth,227,normal,uncommon,3,83062,4c7d861d-7832-4c15-8d6c-8c07a9a57891,0.38,false,false,mint,en,AUD,2026-06-18T12:24:32.618Z
Lord of the Rings,binder,Orc Army,TLTR,Tales of Middle-earth Tokens,6,normal,common,2,83558,db598f33-2ff9-4e0b-a067-05fecc03435f,0.34,false,false,mint,en,AUD,2026-06-18T12:25:07.398Z
Lord of the Rings,binder,Mordor Muster,LTR,The Lord of the Rings: Tales of Middle-earth,96,foil,common,1,83385,aae2f15a-0629-453e-992c-a199af194a3c,0.21,false,false,mint,en,AUD,2026-06-18T12:25:26.357Z
Lord of the Rings,binder,Hithlain Knots,LTR,The Lord of the Rings: Tales of Middle-earth,54,normal,common,2,83448,bbcc27e7-cbe4-45c2-b157-7251a10e7ba4,0.26,false,false,mint,en,AUD,2026-06-18T12:25:52.616Z
Lord of the Rings,binder,Grey Havens Navigator,LTR,The Lord of the Rings: Tales of Middle-earth,53,normal,common,1,83068,4dd89994-bdff-47ca-a65d-10afcc7e773e,0.11,false,false,mint,en,AUD,2026-06-18T12:26:23.687Z
Lord of the Rings,binder,"Bill Ferny, Bree Swindler",LTR,The Lord of the Rings: Tales of Middle-earth,42,normal,uncommon,2,82919,20ac63cb-fa4d-4340-8062-1029c8bd5ec8,0.16,false,false,mint,en,AUD,2026-06-18T12:26:54.837Z
Lord of the Rings,binder,Samwise the Stouthearted,LTR,The Lord of the Rings: Tales of Middle-earth,306,normal,uncommon,1,83041,44c6a273-9307-432a-96f5-3e536da70f95,0.28,false,false,mint,en,AUD,2026-06-18T12:28:31.222Z
Lord of the Rings,binder,Bill the Pony,LTR,The Lord of the Rings: Tales of Middle-earth,3,normal,uncommon,2,83328,9ac68519-ed7f-4f38-9549-c02975f88eed,0.23,false,false,mint,en,AUD,2026-06-18T12:29:18.360Z
Lord of the Rings,binder,Nasty End,LTR,The Lord of the Rings: Tales of Middle-earth,416,normal,common,1,82993,37271b8b-3c58-43aa-b120-f0aa12fb3ad5,0.36,false,false,mint,en,AUD,2026-06-18T12:29:54.716Z
Lord of the Rings,binder,Dúnedain Blade,LTR,The Lord of the Rings: Tales of Middle-earth,6,normal,common,2,83014,3d5f92bf-e4e7-487a-834c-964fdd6ad674,0.17,false,false,mint,en,AUD,2026-06-18T12:31:06.357Z
Lord of the Rings,binder,Gorbag of Minas Morgul,LTR,The Lord of the Rings: Tales of Middle-earth,86,normal,uncommon,2,83097,58aafdb6-1c8c-4fc4-a52e-3e601be7fb0c,0.36,false,false,mint,en,AUD,2026-06-18T12:32:32.494Z
Lord of the Rings,binder,Easterling Vanguard,LTR,The Lord of the Rings: Tales of Middle-earth,83,normal,common,2,83607,e860dd40-07c5-47c3-92a8-1ee95a953c2f,0.14,false,false,mint,en,AUD,2026-06-18T12:33:02.830Z
Lord of the Rings,binder,East-Mark Cavalier,LTR,The Lord of the Rings: Tales of Middle-earth,9,normal,common,1,83337,9be412c0-45d4-4856-a8cf-63a5a822dc5c,0.13,false,false,mint,en,AUD,2026-06-18T12:33:21.037Z
Lord of the Rings,binder,Westfold Rider,LTR,The Lord of the Rings: Tales of Middle-earth,37,normal,common,1,83187,71ed2e4b-c732-472a-a589-f1f53086d9ee,0.34,false,false,mint,en,AUD,2026-06-18T12:33:42.039Z
Lord of the Rings,binder,Stew the Coneys,LTR,The Lord of the Rings: Tales of Middle-earth,189,normal,uncommon,2,83455,bcc7c41c-f416-457e-91ba-1f338f45eeac,0.26,false,false,mint,en,AUD,2026-06-18T12:34:03.453Z
Lord of the Rings,binder,Lost to Legend,LTR,The Lord of the Rings: Tales of Middle-earth,22,normal,uncommon,2,83480,c4e40481-aeaa-4b3d-a020-e9b6d7c11992,0.34,false,false,mint,en,AUD,2026-06-18T12:34:22.214Z
Lord of the Rings,binder,You Cannot Pass!,LTR,The Lord of the Rings: Tales of Middle-earth,38,normal,uncommon,2,82859,116d4030-acd2-4aa2-8254-aaaff1264459,0.4,false,false,mint,en,AUD,2026-06-18T12:35:28.489Z
Lord of the Rings,binder,Stern Scolding,LTR,The Lord of the Rings: Tales of Middle-earth,71,normal,uncommon,2,83012,3ca1e1de-b916-445f-b3b2-0f4d0cc7ceeb,0.43,false,false,mint,en,AUD,2026-06-18T12:36:13.354Z
Lord of the Rings,binder,"Pippin, Guard of the Citadel",LTR,The Lord of the Rings: Tales of Middle-earth,326,normal,rare,1,82935,25630509-c9ba-4faf-b154-32be8649d9fa,0.88,false,false,mint,en,AUD,2026-06-18T12:39:31.687Z
Lord of the Rings,binder,Rising of the Day,LTR,The Lord of the Rings: Tales of Middle-earth,145,normal,uncommon,3,83538,d4fbcac6-8ac9-44a8-9d1a-03d0799ac253,1.11,false,false,mint,en,AUD,2026-06-18T12:40:05.618Z
Lord of the Rings,binder,Esquire of the King,LTR,The Lord of the Rings: Tales of Middle-earth,13,normal,common,1,83503,caa6dded-ab08-43d0-b2fb-008854582cba,0.16,false,false,mint,en,AUD,2026-06-18T12:52:26.316Z
Lord of the Rings,binder,Banish from Edoras,LTR,The Lord of the Rings: Tales of Middle-earth,1,normal,common,1,83363,a4410076-e1fe-45f3-a0ca-a91ab0133ff4,0.14,false,false,mint,en,AUD,2026-06-18T12:52:46.786Z
Lord of the Rings,binder,Willow-Wind,LTR,The Lord of the Rings: Tales of Middle-earth,76,normal,common,1,82844,0adc3bff-0eb1-40e9-b954-5515babd07a3,0.13,false,false,mint,en,AUD,2026-06-18T12:53:22.253Z
Lord of the Rings,binder,Spirit,TLTR,Tales of Middle-earth Tokens,3,normal,common,1,83093,57b674ef-f541-4ee8-9727-1c5b3c0c8f4e,0.38,false,false,mint,en,AUD,2026-06-18T12:53:45.941Z
Lord of the Rings,binder,Saruman's Trickery,LTR,The Lord of the Rings: Tales of Middle-earth,68,normal,uncommon,2,83284,8eb6c23b-e52e-4533-9625-884eb0a4d866,0.37,false,false,mint,en,AUD,2026-06-18T12:54:08.794Z
Lord of the Rings,binder,Surrounded by Orcs,LTR,The Lord of the Rings: Tales of Middle-earth,73,normal,common,1,82905,1c50d4c8-2311-4394-b73f-389eb81e898b,0.21,false,false,mint,en,AUD,2026-06-18T12:54:24.514Z
Lord of the Rings,binder,Dunland Crebain,LTR,The Lord of the Rings: Tales of Middle-earth,411,normal,common,3,83634,f1b90963-2a4c-4e0a-9d00-5d3df258c880,0.21,false,false,mint,en,AUD,2026-06-18T12:55:27.963Z
Lord of the Rings,binder,Nimrodel Watcher,LTR,The Lord of the Rings: Tales of Middle-earth,63,normal,common,1,83473,c253ee40-41c9-4cb5-a1a3-94b0aaed09d4,0.16,false,false,mint,en,AUD,2026-06-18T12:55:50.364Z
Lord of the Rings,binder,Council's Deliberation,LTR,The Lord of the Rings: Tales of Middle-earth,46,normal,uncommon,1,83142,651503a2-5d1e-408a-9cdc-0cee05ab3ef0,0.23,false,false,mint,en,AUD,2026-06-18T12:56:09.489Z
Lord of the Rings,binder,"Grond, the Gatebreaker",LTR,The Lord of the Rings: Tales of Middle-earth,89,normal,uncommon,2,83056,4bc61b28-afdd-4de9-829b-ffe5ca7c7f19,0.24,false,false,mint,en,AUD,2026-06-18T12:56:34.529Z
Lord of the Rings,binder,"Grishnákh, Brash Instigator",LTR,The Lord of the Rings: Tales of Middle-earth,134,normal,uncommon,3,83136,6385e769-f805-499d-9f47-494533362152,0.26,false,false,mint,en,AUD,2026-06-18T12:57:02.710Z
Lord of the Rings,binder,Saruman the White,LTR,The Lord of the Rings: Tales of Middle-earth,67,normal,uncommon,2,82903,1bfccbab-29fa-4e92-8919-6cd4815fb655,0.31,false,false,mint,en,AUD,2026-06-18T12:57:17.459Z
Lord of the Rings,binder,Frodo Baggins,LTR,The Lord of the Rings: Tales of Middle-earth,320,normal,uncommon,2,83196,741a266c-b2e9-4981-93ef-843cea95ca76,0.26,false,false,mint,en,AUD,2026-06-18T12:57:59.637Z
Lord of the Rings,binder,Pippin's Bravery,LTR,The Lord of the Rings: Tales of Middle-earth,414,foil,common,1,82841,08dc9616-83e5-451f-aaa8-d0c81802fa13,0.23,false,false,mint,en,AUD,2026-06-18T12:58:25.227Z
Lord of the Rings,binder,Virulent Sliver,PLST,The List,FUT-155,normal,common,1,78327,63ccf6ae-cfdd-472a-848d-48caa710c741,0.56,false,false,mint,en,AUD,2026-06-18T12:59:05.443Z
Lord of the Rings,binder,Haunt of the Dead Marshes,LTR,The Lord of the Rings: Tales of Middle-earth,90,normal,common,2,83151,673c6c12-2513-4d1b-acf0-6a1f741d49dd,0.26,false,false,mint,en,AUD,2026-06-18T12:59:31.063Z
Lord of the Rings,binder,Chance-Met Elves,LTR,The Lord of the Rings: Tales of Middle-earth,157,normal,common,2,82843,0aa57431-39e2-4152-8a30-1c1e8faef153,0.26,false,false,mint,en,AUD,2026-06-18T12:59:51.591Z
Lord of the Rings,binder,Dawn of a New Age,LTR,The Lord of the Rings: Tales of Middle-earth,5,normal,mythic,1,83505,cb966ee6-bf1b-4bb6-9277-8de6f3918ae2,4.96,false,false,mint,en,AUD,2026-06-18T13:33:42.867Z
Lord of the Rings,binder,Foray of Orcs,LTR,The Lord of the Rings: Tales of Middle-earth,128,normal,uncommon,1,83116,5fea0c66-c776-4dc7-a235-f3822521cacd,0.34,false,false,mint,en,AUD,2026-06-18T13:34:03.217Z
Lord of the Rings,binder,"Gollum, Patient Plotter",LTR,The Lord of the Rings: Tales of Middle-earth,309,normal,uncommon,2,83375,a881aa61-fc7c-4ffb-a129-f75be8b2e498,0.37,false,false,mint,en,AUD,2026-06-18T13:34:33.193Z
Lord of the Rings,binder,Gandalf the Grey,LTR,The Lord of the Rings: Tales of Middle-earth,322,foil,rare,1,83525,d0ff7dea-1ed2-4987-b42a-6d1d8c493f5a,0.74,false,false,mint,en,AUD,2026-06-18T13:35:07.886Z
Lord of the Rings,binder,Improvised Club,LTR,The Lord of the Rings: Tales of Middle-earth,137,normal,common,3,83432,b8397d13-eeaf-4b4e-b3cd-9a9ac231873a,0.09,false,false,mint,en,AUD,2026-06-18T13:36:34.422Z
Lord of the Rings,binder,"Meneldor, Swift Savior",LTR,The Lord of the Rings: Tales of Middle-earth,62,normal,uncommon,1,83131,62d2ee20-abbc-4a9d-8d30-4223242123e8,0.31,false,false,mint,en,AUD,2026-06-18T13:38:40.957Z
Lord of the Rings,binder,"Landroval, Horizon Witness",LTR,The Lord of the Rings: Tales of Middle-earth,21,normal,uncommon,1,83089,5684483b-9a6a-499b-a5e1-e2815ee03cdb,0.19,false,false,mint,en,AUD,2026-06-18T13:39:11.496Z
Lord of the Rings,binder,March from the Black Gate,LTR,The Lord of the Rings: Tales of Middle-earth,94,normal,uncommon,1,82810,e57815d4-b21f-4ceb-a3f1-73cff5f0e612,0.37,false,false,mint,en,AUD,2026-06-18T13:40:17.363Z
Lord of the Rings,binder,"Gothmog, Morgul Lieutenant",LTR,The Lord of the Rings: Tales of Middle-earth,87,normal,uncommon,1,83353,a1c10e93-88eb-46b9-8adc-583661807990,0.37,false,false,mint,en,AUD,2026-06-18T13:40:32.484Z
Lord of the Rings,binder,Nazgûl,LTR,The Lord of the Rings: Tales of Middle-earth,337,normal,uncommon,1,83583,e0a5630d-325f-4f7a-9885-b249c6480023,30.54,false,false,mint,en,AUD,2026-06-18T14:09:41.375Z
Lord of the Rings,binder,Eagles of the North,LTR,The Lord of the Rings: Tales of Middle-earth,7,foil,common,1,83470,c1bd3bc0-77bd-40fe-b4f1-835a04cb6e41,0.47,false,false,mint,en,AUD,2026-06-18T14:10:23.007Z
Lord of the Rings,binder,"Shelob, Child of Ungoliant",LTR,The Lord of the Rings: Tales of Middle-earth,230,normal,rare,1,83350,a14c4b29-3363-45ce-9190-0f79e1a0ef7f,3.18,false,false,mint,en,AUD,2026-06-18T14:11:08.207Z
Lord of the Rings,binder,Many Partings,LTR,The Lord of the Rings: Tales of Middle-earth,445,normal,common,1,83204,7769f0ce-b31b-4cb5-8635-2b9b70114180,0.33,false,false,mint,en,AUD,2026-06-18T14:11:35.992Z
Lord of the Rings,binder,Voracious Fell Beast,LTR,The Lord of the Rings: Tales of Middle-earth,113,normal,uncommon,1,83554,d9b7d7f8-503d-4660-9a18-6a8e2fcaa25f,0.2,false,false,mint,en,AUD,2026-06-18T14:12:00.146Z
Lord of the Rings,binder,Prince Imrahil the Fair,LTR,The Lord of the Rings: Tales of Middle-earth,219,normal,uncommon,2,83216,7d486def-7c3f-41e9-bb28-4582450a7b9e,0.37,false,false,mint,en,AUD,2026-06-18T14:12:26.407Z
Lord of the Rings,binder,"Strider, Ranger of the North",LTR,The Lord of the Rings: Tales of Middle-earth,232,normal,uncommon,2,83081,54461d61-a745-467f-9fbe-b5e7a8edbdbf,0.24,false,false,mint,en,AUD,2026-06-18T14:12:55.995Z
Lord of the Rings,binder,"Éowyn, Lady of Rohan",LTR,The Lord of the Rings: Tales of Middle-earth,10,normal,uncommon,1,83594,e59710c4-24de-419e-a8a0-e8392d450c23,0.37,false,false,mint,en,AUD,2026-06-18T14:13:38.530Z
Lord of the Rings,binder,Generous Ent,LTR,The Lord of the Rings: Tales of Middle-earth,169,normal,common,1,83258,85d22d5d-3875-42ff-b51e-c6e21db201f5,4.32,false,false,mint,en,AUD,2026-06-18T14:14:04.477Z
Lord of the Rings,binder,Mushroom Watchdogs,LTR,The Lord of the Rings: Tales of Middle-earth,180,normal,common,1,83526,d15fd66d-fa7e-411d-9014-a56caa879d93,0.33,false,false,mint,en,AUD,2026-06-18T14:14:27.479Z
Lord of the Rings,binder,Snarling Warg,LTR,The Lord of the Rings: Tales of Middle-earth,109,normal,common,1,83351,a1ad561c-ccb4-480a-88a4-0555d0ef245e,0.11,false,false,mint,en,AUD,2026-06-18T14:14:43.311Z
Lord of the Rings,binder,Forge Anew,LTR,The Lord of the Rings: Tales of Middle-earth,17,normal,rare,2,83088,56274b88-6e3f-4538-bb0c-eb5e52a58ef3,5.77,false,false,mint,en,AUD,2026-06-18T14:26:38.185Z
Lord of the Rings,binder,The Watcher in the Water,LTR,The Lord of the Rings: Tales of Middle-earth,75,normal,mythic,1,82908,1cb8e8bb-75a0-4b5e-b4b3-5d8f3795032d,2.99,false,false,mint,en,AUD,2026-06-19T03:52:15.008Z
Lord of the Rings,binder,Priest of Titania,PLST,The List,C14-210,normal,common,1,77080,0f86709d-6f77-4ecf-9bd4-a7644b290a1a,0.77,false,false,mint,en,AUD,2026-06-19T03:53:30.295Z
Lord of the Rings,binder,"Faramir, Field Commander",LTR,The Lord of the Rings: Tales of Middle-earth,14,foil,uncommon,1,82889,17c2250a-9af1-40de-9f09-7e8c7daec520,0.37,false,false,mint,en,AUD,2026-06-19T03:53:46.854Z
Lord of the Rings,binder,Galadhrim Bow,LTR,The Lord of the Rings: Tales of Middle-earth,167,normal,common,1,83340,9df34f21-798f-440d-8b09-ec5b5c0b8c12,0.21,false,false,mint,en,AUD,2026-06-19T04:06:08.107Z
Lord of the Rings,binder,Galadhrim Guide,LTR,The Lord of the Rings: Tales of Middle-earth,168,normal,common,1,83642,f4603f59-f899-4caf-a874-bf234d2045fb,0.19,false,false,mint,en,AUD,2026-06-19T04:06:29.125Z
Lord of the Rings,binder,Lothlórien Lookout,LTR,The Lord of the Rings: Tales of Middle-earth,175,normal,common,1,83070,4e3639c1-ebc3-4a0b-ab93-549e45aff0f7,0.23,false,false,mint,en,AUD,2026-06-19T04:06:41.977Z
Lord of the Rings,binder,Barrow-Blade,LTR,The Lord of the Rings: Tales of Middle-earth,237,normal,uncommon,1,83629,f0eb7284-78a5-4b5e-8f6d-6be540e0bef8,0.38,false,false,mint,en,AUD,2026-06-19T04:06:58.430Z
Lord of the Rings,binder,"Bilbo, Retired Burglar",LTR,The Lord of the Rings: Tales of Middle-earth,196,normal,uncommon,1,83077,527df93e-cc2b-4216-909a-4ada1abcbfd3,0.28,false,false,mint,en,AUD,2026-06-19T04:07:14.675Z
Lord of the Rings,binder,Goblin Fireleaper,LTR,The Lord of the Rings: Tales of Middle-earth,133,normal,uncommon,1,83620,ec120dae-8c40-4053-9341-1f7774464634,0.16,false,false,mint,en,AUD,2026-06-19T04:07:30.545Z
Lord of the Rings,binder,Treason of Isengard,LTR,The Lord of the Rings: Tales of Middle-earth,74,normal,common,1,83188,71f97505-c961-4890-acd0-32a63919ac2a,0.34,false,false,mint,en,AUD,2026-06-19T05:25:53.427Z
Lord of the Rings,binder,Deceive the Messenger,LTR,The Lord of the Rings: Tales of Middle-earth,47,normal,common,1,83406,b2984bc6-7c12-46e4-8dd3-b23e29a7a7ec,0.19,false,false,mint,en,AUD,2026-06-19T05:26:36.793Z
Lord of the Rings,binder,Enraged Huorn,LTR,The Lord of the Rings: Tales of Middle-earth,162,normal,common,1,83383,a9b48836-6d37-46eb-8c41-a3eeecc72ae1,0.24,false,false,mint,en,AUD,2026-06-19T05:27:11.498Z
Lord of the Rings,binder,Mirrormere Guardian,LTR,The Lord of the Rings: Tales of Middle-earth,179,normal,common,1,83244,8315d7cc-fc2c-45b1-8340-11ff2af3beb5,0.21,false,false,mint,en,AUD,2026-06-19T05:27:47.573Z
Lord of the Rings,binder,Bag End Porter,LTR,The Lord of the Rings: Tales of Middle-earth,153,normal,common,1,83427,b7557170-39a2-49df-823e-958c3eb34801,0.2,false,false,mint,en,AUD,2026-06-19T05:28:23.616Z
Lord of the Rings,binder,The Mouth of Sauron,LTR,The Lord of the Rings: Tales of Middle-earth,216,normal,uncommon,1,83201,76a88814-aa30-4297-b338-3d851bfe7256,0.23,false,false,mint,en,AUD,2026-06-19T05:29:03.818Z
Lord of the Rings,binder,"Théoden, King of Rohan",LTR,The Lord of the Rings: Tales of Middle-earth,233,normal,uncommon,2,83654,f6dcd1ca-4943-46e4-bb5d-c14949e21e23,0.24,false,false,mint,en,AUD,2026-06-19T05:29:51.642Z
Lord of the Rings,binder,Shadow Summoning,LTR,The Lord of the Rings: Tales of Middle-earth,226,normal,uncommon,1,83619,ec0984b2-bed6-41b1-9087-2cfd16749037,0.26,false,false,mint,en,AUD,2026-06-19T05:30:35.700Z
Lord of the Rings,binder,Meriadoc Brandybuck,LTR,The Lord of the Rings: Tales of Middle-earth,314,normal,uncommon,2,83680,ff7cea33-4d46-450a-a54e-b8d70910eee8,0.28,false,false,mint,en,AUD,2026-06-19T05:31:11.887Z
Lord of the Rings,binder,Borne Upon a Wind,LTR,The Lord of the Rings: Tales of Middle-earth,44,normal,rare,1,83378,a9379675-1a32-4e2b-8aaf-5f908c595f31,5.98,false,false,mint,en,AUD,2026-06-19T05:31:58.046Z
Lord of the Rings,binder,Stalwarts of Osgiliath,LTR,The Lord of the Rings: Tales of Middle-earth,33,foil,common,1,82955,2acb8240-8e0e-4adf-a884-4986c116e704,0.31,false,false,mint,en,AUD,2026-06-19T05:32:59.600Z
Lord of the Rings,binder,Legacy Weapon,PLST,The List,APC-137,normal,rare,1,72052,f75e4e99-b8ba-4186-8d86-5a289ec566b8,0.48,false,false,mint,en,AUD,2026-06-19T05:36:53.833Z
Lord of the Rings,binder,Slip On the Ring,LTR,The Lord of the Rings: Tales of Middle-earth,31,normal,common,1,82961,2e20c2b8-ffe3-4d14-8588-f89719358e3d,0.36,false,false,mint,en,AUD,2026-06-19T05:48:16.548Z
Lord of the Rings,binder,Bewitching Leechcraft,LTR,The Lord of the Rings: Tales of Middle-earth,41,normal,common,1,83422,b612452e-b8a8-4a5a-82a8-01fd463cfc77,0.1,false,false,mint,en,AUD,2026-06-19T05:48:42.992Z
Lord of the Rings,binder,Quarrel's End,LTR,The Lord of the Rings: Tales of Middle-earth,141,normal,common,1,83101,5a7e61a6-c602-4089-ae45-828d8e516a63,0.34,false,false,mint,en,AUD,2026-06-19T05:49:34.626Z
Lord of the Rings,binder,"Butterbur, Bree Innkeeper",LTR,The Lord of the Rings: Tales of Middle-earth,197,normal,uncommon,1,83640,f3fd9ff1-278b-4e6a-b30b-90250d8b5762,0.27,false,false,mint,en,AUD,2026-06-19T05:50:05.588Z
Lord of the Rings,binder,Shire Shirriff,LTR,The Lord of the Rings: Tales of Middle-earth,30,normal,uncommon,1,83039,444b687f-2571-4c55-a497-d24b9e18bc0f,0.2,false,false,mint,en,AUD,2026-06-19T05:50:42.532Z
Lord of the Rings,binder,Lash of the Balrog,LTR,The Lord of the Rings: Tales of Middle-earth,408,normal,common,2,83360,a3bb0051-3ba3-4e22-9098-42ee0d9b645c,0.26,false,false,mint,en,AUD,2026-06-19T05:52:05.869Z
Lord of the Rings,binder,Flowering of the White Tree,LTR,The Lord of the Rings: Tales of Middle-earth,15,normal,rare,1,82925,2203b2cd-48e5-471a-85fe-dc81012e5d61,14.22,false,false,mint,en,AUD,2026-06-19T05:52:44.092Z
Lord of the Rings,binder,Goblin Fireleaper,LTR,The Lord of the Rings: Tales of Middle-earth,133,foil,uncommon,1,83620,ec120dae-8c40-4053-9341-1f7774464634,0.26,false,false,mint,en,AUD,2026-06-19T05:53:41.598Z
Lord of the Rings,binder,Arwen's Gift,LTR,The Lord of the Rings: Tales of Middle-earth,39,normal,common,1,82969,30e1ec49-ad4f-4623-aeeb-dba07d6e6251,0.2,false,false,mint,en,AUD,2026-06-19T05:56:13.886Z
Lord of the Rings,binder,Birthday Escape,LTR,The Lord of the Rings: Tales of Middle-earth,43,normal,common,1,83034,42db2313-b13d-4292-bef2-bf86f989d32f,0.34,false,false,mint,en,AUD,2026-06-19T05:56:38.831Z
Lord of the Rings,binder,Erebor Flamesmith,LTR,The Lord of the Rings: Tales of Middle-earth,122,normal,common,1,83086,552730c5-e3a6-468f-91b2-82c272dda400,0.5,false,false,mint,en,AUD,2026-06-19T05:57:16.422Z
Lord of the Rings,binder,Gimli's Fury,LTR,The Lord of the Rings: Tales of Middle-earth,131,normal,common,1,83627,efde011d-8732-49b3-9204-8b114a3d81ba,0.24,false,false,mint,en,AUD,2026-06-19T05:57:46.761Z
Lord of the Rings,binder,"Erkenbrand, Lord of Westfold",LTR,The Lord of the Rings: Tales of Middle-earth,123,normal,uncommon,2,82999,38f81e68-cddd-47f4-b1d1-a297c3298c25,0.28,false,false,mint,en,AUD,2026-06-19T05:59:06.768Z
Lord of the Rings,binder,Rosie Cotton of South Lane,LTR,The Lord of the Rings: Tales of Middle-earth,440,normal,uncommon,2,83100,5a56cbc2-6fc2-4443-90fe-59acd526f562,0.47,false,false,mint,en,AUD,2026-06-19T05:59:44.711Z
Lord of the Rings,binder,Gandalf the Grey,LTR,The Lord of the Rings: Tales of Middle-earth,207,normal,rare,1,83588,e2b975e6-e709-481f-bfbc-41a832508283,0.6,false,false,mint,en,AUD,2026-06-19T06:00:34.111Z
Lord of the Rings,binder,Pelargir Survivor,LTR,The Lord of the Rings: Tales of Middle-earth,64,foil,common,1,83384,aa59141a-4645-4316-b714-bbf2c139786e,0.23,false,false,mint,en,AUD,2026-06-19T06:01:10.394Z
Lord of the Rings,binder,Glissa's Courier,PLST,The List,MBS-80,normal,common,1,78328,64109b8d-fbfa-4df8-950b-ff53049cddb8,0.1,false,false,mint,en,AUD,2026-06-19T06:01:40.867Z
Lord of the Rings,binder,Rising of the Day,LTR,The Lord of the Rings: Tales of Middle-earth,427,normal,uncommon,1,83208,7a06a653-eca1-4fee-add5-45d2594885c3,1.1,false,false,mint,en,AUD,2026-06-21T02:10:11.950Z
Lord of the Rings,binder,Foray of Orcs,LTR,The Lord of the Rings: Tales of Middle-earth,417,foil,uncommon,1,83626,ef083f43-4748-42e6-bc22-fc2570db5ca3,0.4,false,false,mint,en,AUD,2026-06-21T02:11:25.249Z
Lord of the Rings,binder,"Sauron, the Necromancer",LTR,The Lord of the Rings: Tales of Middle-earth,106,normal,rare,1,82994,377d65d8-21c8-4292-97db-610e0173ba59,0.57,false,false,mint,en,AUD,2026-06-21T02:12:01.892Z
Lord of the Rings,binder,"Faramir, Prince of Ithilien",LTR,The Lord of the Rings: Tales of Middle-earth,202,normal,rare,1,83262,8700923a-e9ff-4ced-87fe-1ab26554623a,0.47,false,false,mint,en,AUD,2026-06-21T02:12:49.262Z
Lord of the Rings,binder,Mines of Moria,LTR,The Lord of the Rings: Tales of Middle-earth,342,normal,rare,2,82911,1d6cbb58-8c82-49b5-ae9c-f3baaa8bcc22,2.84,false,false,mint,en,AUD,2026-06-21T02:13:34.525Z
Lord of the Rings,binder,Dragonlord Ojutai,PLST,The List,DTK-219,normal,mythic,1,47936,4789bdb2-612b-4833-a0a3-c08dcc5d5054,1.1,false,false,mint,en,AUD,2026-06-21T02:14:07.926Z
Lord of the Rings,binder,Wose Pathfinder,LTR,The Lord of the Rings: Tales of Middle-earth,190,normal,common,1,83144,6589b339-9067-4e9b-bfdb-c49f8b3ef2d4,0.29,false,false,mint,en,AUD,2026-06-21T02:14:56.248Z
Lord of the Rings,binder,Pelargir Survivor,LTR,The Lord of the Rings: Tales of Middle-earth,64,normal,common,1,83384,aa59141a-4645-4316-b714-bbf2c139786e,0.2,false,false,mint,en,AUD,2026-06-21T02:15:29.535Z
Lord of the Rings,binder,Captain of Umbar,LTR,The Lord of the Rings: Tales of Middle-earth,45,normal,common,1,83472,c222577d-a3c7-41d9-b11b-62065bdb98ef,0.14,false,false,mint,en,AUD,2026-06-21T02:16:04.685Z
Lord of the Rings,binder,Rush the Room,LTR,The Lord of the Rings: Tales of Middle-earth,147,normal,common,1,83646,f525b727-acde-427b-9c33-20964e8cf613,0.14,false,false,mint,en,AUD,2026-06-21T02:16:41.628Z
Lord of the Rings,binder,Mordor Trebuchet,LTR,The Lord of the Rings: Tales of Middle-earth,97,normal,common,1,83140,648bc8ae-1798-4c2f-a372-0487a90ba4d3,0.2,false,false,mint,en,AUD,2026-06-21T02:17:08.272Z
Lord of the Rings,binder,Mirror of Galadriel,LTR,The Lord of the Rings: Tales of Middle-earth,244,normal,uncommon,1,83454,bc95036f-98f2-4ea7-93bb-542ad7064540,0.33,false,false,mint,en,AUD,2026-06-21T02:17:32.799Z
Lord of the Rings,binder,Celeborn the Wise,LTR,The Lord of the Rings: Tales of Middle-earth,156,normal,uncommon,1,82959,2daf449a-5f3e-44fd-968e-55d8517ae797,0.27,false,false,mint,en,AUD,2026-06-21T02:17:58.412Z
Lord of the Rings,binder,Arwen Undómiel,LTR,The Lord of the Rings: Tales of Middle-earth,194,normal,uncommon,1,83484,c544e301-13b4-4dec-b65c-d54809bb7736,0.31,false,false,mint,en,AUD,2026-06-21T02:18:33.192Z
Lord of the Rings,binder,Shortcut to Mushrooms,LTR,The Lord of the Rings: Tales of Middle-earth,187,foil,uncommon,1,82870,13bc14f9-c90c-499d-9024-3182d78e0a88,0.31,false,false,mint,en,AUD,2026-06-21T02:19:34.147Z
Lord of the Rings,binder,Escape from Orthanc,LTR,The Lord of the Rings: Tales of Middle-earth,12,normal,common,1,83644,f4ff3330-dcca-4435-87e7-871be91a68b0,0.24,false,false,mint,en,AUD,2026-06-21T02:20:33.588Z
Lord of the Rings,binder,Eagles of the North,LTR,The Lord of the Rings: Tales of Middle-earth,7,normal,common,1,83470,c1bd3bc0-77bd-40fe-b4f1-835a04cb6e41,0.44,false,false,mint,en,AUD,2026-06-21T02:21:16.542Z
Lord of the Rings,binder,Soldier of the Grey Host,LTR,The Lord of the Rings: Tales of Middle-earth,32,normal,common,1,83429,b79999df-af8c-4724-9631-20eee5a00e49,0.09,false,false,mint,en,AUD,2026-06-21T02:22:09.450Z
Lord of the Rings,binder,"Gimli, Counter of Kills",LTR,The Lord of the Rings: Tales of Middle-earth,129,foil,uncommon,1,82948,28b41c48-0715-49d9-98e5-e82b706da816,0.43,false,false,mint,en,AUD,2026-06-22T09:42:06.833Z
Lord of the Rings,binder,Rivendell,LTR,The Lord of the Rings: Tales of Middle-earth,259,normal,rare,1,83443,bacd500c-1389-4314-a53e-0ad510d6fb79,3.01,false,false,mint,en,AUD,2026-06-22T09:43:25.303Z
Lord of the Rings,binder,"Faramir, Field Commander",LTR,The Lord of the Rings: Tales of Middle-earth,303,normal,uncommon,1,82815,008b953a-da2b-4c30-9424-6d6e3e938251,0.3,false,false,mint,en,AUD,2026-06-22T09:44:38.774Z
Lord of the Rings,binder,"Denethor, Ruling Steward",LTR,The Lord of the Rings: Tales of Middle-earth,198,normal,uncommon,1,83669,fa8654cf-431c-427b-b78f-0e48f6007e9e,0.37,false,false,mint,en,AUD,2026-06-22T09:45:52.023Z
Lord of the Rings,binder,Old Man Willow,LTR,The Lord of the Rings: Tales of Middle-earth,217,normal,uncommon,1,82826,0362b7c4-fff5-4bc2-b32d-913f85c23cc4,0.24,false,false,near_mint,en,AUD,2026-06-22T09:46:42.394Z
Lord of the Rings,binder,Rise of the Witch-king,LTR,The Lord of the Rings: Tales of Middle-earth,221,normal,uncommon,1,83020,3f440fa1-5387-41d6-a80f-5b19dbb21514,0.61,false,false,mint,en,AUD,2026-06-22T09:48:54.736Z
Lord of the Rings,binder,Éomer of the Riddermark,LTR,The Lord of the Rings: Tales of Middle-earth,121,normal,uncommon,1,83552,d920fcaf-4988-4186-962d-cdda25d79e7b,0.16,false,false,mint,en,AUD,2026-06-22T09:50:19.700Z
Lord of the Rings,binder,Many Partings,LTR,The Lord of the Rings: Tales of Middle-earth,176,normal,common,1,83528,d179dbbe-9c79-4dbc-955a-5209a3e2745a,0.33,false,false,mint,en,AUD,2026-06-22T09:52:00.531Z
Lord of the Rings,binder,Second Breakfast,LTR,The Lord of the Rings: Tales of Middle-earth,29,normal,common,1,82814,002f647a-25f8-461b-8617-52674f5d577c,0.27,false,false,mint,en,AUD,2026-06-22T09:52:50.657Z
Lord of the Rings,binder,Lembas,LTR,The Lord of the Rings: Tales of Middle-earth,243,normal,common,1,83004,3b46aacf-b31a-4380-9e4b-82795fbaba3b,1.88,false,false,mint,en,AUD,2026-06-22T09:53:59.309Z
Lord of the Rings,binder,Path to the World Tree,PLST,The List,KHM-186,normal,uncommon,1,82033,eadb3a01-f610-4df1-972b-7dd8c8bccdb7,0.16,false,false,mint,en,AUD,2026-06-22T09:54:54.151Z
Lord of the Rings,binder,Relentless Rohirrim,LTR,The Lord of the Rings: Tales of Middle-earth,144,foil,common,1,82924,21b7606a-6a4c-4bf0-b311-1883383161d2,0.3,false,false,mint,en,AUD,2026-06-22T09:56:33.024Z
Lord of the Rings,binder,Delighted Halfling,LTR,The Lord of the Rings: Tales of Middle-earth,158,normal,rare,1,83185,71384418-173a-4f77-adab-56e52fa23692,35.0,false,false,mint,en,AUD,2026-06-22T09:57:42.359Z
Lord of the Rings,binder,Book of Mazarbul,LTR,The Lord of the Rings: Tales of Middle-earth,116,normal,uncommon,1,82829,04dcef75-6f98-4233-ae32-6fe41724c8e0,0.3,false,false,mint,en,AUD,2026-06-22T10:00:31.184Z
Lord of the Rings,binder,Gríma Wormtongue,LTR,The Lord of the Rings: Tales of Middle-earth,88,normal,uncommon,1,83283,8e3bd86b-e8ca-4885-a823-78fb967e6caf,0.34,false,false,mint,en,AUD,2026-06-22T10:02:29.436Z
Lord of the Rings,binder,Ioreth of the Healing House,LTR,The Lord of the Rings: Tales of Middle-earth,56,normal,uncommon,1,82827,03ab74cd-978a-49eb-9d38-bc8b472b3cef,0.48,false,false,mint,en,AUD,2026-06-22T10:04:21.957Z
Lord of the Rings,binder,Great Hall of the Citadel,LTR,The Lord of the Rings: Tales of Middle-earth,254,normal,common,1,82923,219c7b57-b62b-42d1-85d9-4b57624a3f54,0.48,false,false,mint,en,AUD,2026-06-22T10:44:02.106Z
Lord of the Rings,binder,Shelob's Ambush,LTR,The Lord of the Rings: Tales of Middle-earth,108,normal,common,1,82941,25e69fa8-7339-4bfa-8e35-9cbfe0001d8b,0.24,false,false,mint,en,AUD,2026-06-22T10:45:12.603Z
Lord of the Rings,binder,Hobbit's Sting,LTR,The Lord of the Rings: Tales of Middle-earth,20,normal,common,1,82820,019eab42-9e0c-4958-ac97-74d3db5580f3,0.2,false,false,mint,en,AUD,2026-06-22T10:45:56.869Z
Lord of the Rings,binder,Pippin's Bravery,LTR,The Lord of the Rings: Tales of Middle-earth,182,normal,common,1,83453,bc60dc65-6813-4d57-877b-df195ed00d00,0.24,false,false,mint,en,AUD,2026-06-22T10:47:00.332Z
Lord of the Rings,binder,Mountain,LTR,The Lord of the Rings: Tales of Middle-earth,278,foil,common,1,83401,b1902b98-7579-4b7a-8cb8-9bd0e0da5f67,0.9,false,false,mint,en,AUD,2026-06-22T10:48:51.180Z
Lord of the Rings,binder,Mountain,LTR,The Lord of the Rings: Tales of Middle-earth,279,normal,common,1,83395,af1b83d9-078b-44dc-a118-4659201f4854,0.68,false,false,mint,en,AUD,2026-06-22T10:56:35.513Z
Lord of the Rings,binder,Food,TLTR,Tales of Middle-earth Tokens,10,normal,common,1,83466,bfcff41e-b6ff-4ddd-bcb6-8943f7d88aef,0.29,false,false,mint,en,AUD,2026-06-22T11:00:11.626Z
Lord of the Rings,binder,Banish from Edoras,LTR,The Lord of the Rings: Tales of Middle-earth,1,foil,common,1,83363,a4410076-e1fe-45f3-a0ca-a91ab0133ff4,0.13,false,false,mint,en,AUD,2026-06-22T11:05:31.848Z
Lord of the Rings,binder,Island,LTR,The Lord of the Rings: Tales of Middle-earth,274,normal,common,2,83618,eba0c7c5-ed63-41a5-93e1-a979a6f983b9,0.91,false,false,mint,en,AUD,2026-06-22T11:11:39.227Z
Lord of the Rings,binder,Plains,LTR,The Lord of the Rings: Tales of Middle-earth,273,normal,common,1,83254,8538a97f-302d-468a-8a6c-50c800d614e5,0.67,false,false,mint,en,AUD,2026-06-22T11:17:25.890Z
Lord of the Rings,binder,Swamp,LTR,The Lord of the Rings: Tales of Middle-earth,276,normal,common,2,83333,9b5f68bc-1842-4efd-b85a-d897cfd63bde,1.08,false,false,mint,en,AUD,2026-06-22T11:22:11.878Z
Lord of the Rings,binder,Forest,LTR,The Lord of the Rings: Tales of Middle-earth,271,normal,common,3,82833,07264de1-4322-4adb-8f08-c0aa236747c7,0.21,false,false,mint,en,AUD,2026-06-22T11:23:43.471Z
Lord of the Rings,binder,Island,LTR,The Lord of the Rings: Tales of Middle-earth,275,normal,common,2,83289,8fee8302-39ca-43c3-b139-62e591559306,0.73,false,false,mint,en,AUD,2026-06-22T11:24:51.103Z
Lord of the Rings,binder,Island,LTR,The Lord of the Rings: Tales of Middle-earth,264,foil,common,2,83451,bbeca27a-6c5b-40b9-83a4-a3a2096ff6f8,0.41,false,false,mint,en,AUD,2026-06-22T11:25:52.115Z
Lord of the Rings,binder,Forest,LTR,The Lord of the Rings: Tales of Middle-earth,281,normal,common,2,83018,3efeaa30-9db9-4e68-a658-9064d6e67516,0.84,false,false,mint,en,AUD,2026-06-22T11:26:55.385Z
Lord of the Rings,binder,Plains,LTR,The Lord of the Rings: Tales of Middle-earth,272,normal,common,1,83073,4ff9fbf5-de6f-4ef9-a6ab-56da4b341b77,0.51,false,false,mint,en,AUD,2026-06-22T11:29:09.633Z
Lord of the Rings,binder,Plains,LTR,The Lord of the Rings: Tales of Middle-earth,262,normal,common,2,83656,f724ae86-b968-4f49-8267-c2c34c22f1b6,0.29,false,false,mint,en,AUD,2026-06-22T11:38:21.422Z
Lord of the Rings,binder,Elven Farsight,LTR,The Lord of the Rings: Tales of Middle-earth,161,normal,common,1,83195,73d135b2-d2b8-499c-84d9-824370c19ccc,0.33,false,false,mint,en,AUD,2026-06-22T11:47:08.080Z
Lord of the Rings,binder,Meriadoc Brandybuck,LTR,The Lord of the Rings: Tales of Middle-earth,177,normal,uncommon,1,83266,885a3277-ef10-4dcf-ac63-eb8971cd627c,0.34,false,false,mint,en,AUD,2026-06-22T11:49:33.893Z
Lord of the Rings,binder,Peregrin Took,LTR,The Lord of the Rings: Tales of Middle-earth,181,normal,uncommon,1,83648,f5baee8d-88e7-4468-94a9-66ca8e2caf15,1.43,false,false,mint,en,AUD,2026-06-22T11:50:37.688Z
Lord of the Rings,binder,Rosie Cotton of South Lane,LTR,The Lord of the Rings: Tales of Middle-earth,27,normal,uncommon,2,83198,75338f49-1f02-4333-87e4-5779ef14e688,0.48,false,false,mint,en,AUD,2026-06-22T11:51:47.609Z
Lord of the Rings,binder,Shire Shirriff,LTR,The Lord of the Rings: Tales of Middle-earth,441,normal,uncommon,1,82861,11b50fec-28e0-4eaf-9184-73cc7234577f,0.3,false,false,mint,en,AUD,2026-06-22T11:53:02.765Z
Lord of the Rings,binder,Mirkwood Bats,LTR,The Lord of the Rings: Tales of Middle-earth,421,normal,common,3,83265,882747f9-b4fe-42be-8fe9-f871cd0779bd,1.94,false,false,mint,en,AUD,2026-06-22T11:54:51.934Z
Lord of the Rings,binder,"Sauron, Lord of the Rings",LTC,Tales of Middle-earth Commander,4,normal,mythic,1,83674,fc53dec0-79fe-4f6f-9d5b-cf298588e808,0.53,false,false,mint,en,AUD,2026-06-22T11:56:26.082Z
Lord of the Rings,binder,"The Balrog, Durin's Bane",LTR,The Lord of the Rings: Tales of Middle-earth,195,normal,rare,1,83028,416880c3-cefb-45ea-bcc3-2ec7a70c8097,0.54,false,false,mint,en,AUD,2026-06-22T11:58:18.430Z
Lord of the Rings,binder,Brandywine Farmer,LTR,The Lord of the Rings: Tales of Middle-earth,155,foil,common,1,82904,1c24b5fa-506d-4eaf-881b-bc282c74a16c,0.29,false,false,mint,en,AUD,2026-06-22T11:59:43.818Z
Lord of the Rings,binder,Time Stretch,PLST,The List,ODY-108,normal,rare,1,81690,59c286c4-a577-4e3b-a96e-323befde2fef,7.58,false,false,mint,en,AUD,2026-06-22T12:01:46.770Z
Lord of the Rings,binder,Nasty End,LTR,The Lord of the Rings: Tales of Middle-earth,416,foil,common,1,82993,37271b8b-3c58-43aa-b120-f0aa12fb3ad5,0.44,false,false,near_mint,en,AUD,2026-06-23T08:54:43.125Z
Lord of the Rings,binder,Dunland Crebain,LTR,The Lord of the Rings: Tales of Middle-earth,411,foil,common,1,83634,f1b90963-2a4c-4e0a-9d00-5d3df258c880,0.34,false,false,mint,en,AUD,2026-06-23T09:26:02.571Z
Lord of the Rings,binder,Orc Army,TLTR,Tales of Middle-earth Tokens,5,normal,common,2,82965,2f8b43e8-dd89-452e-b572-8559e19fdea2,0.4,false,false,mint,en,AUD,2026-06-23T09:35:32.486Z
Lord of the Rings,binder,Bombadil's Song,LTR,The Lord of the Rings: Tales of Middle-earth,154,foil,common,1,83137,6391699e-987a-499f-9fec-96f2362760b9,0.34,false,false,mint,en,AUD,2026-06-27T01:39:49.623Z
Lord of the Rings,binder,Food,TLTR,Tales of Middle-earth Tokens,9,normal,common,1,83127,61f04cd9-63ef-4dda-948a-0be76628900c,0.36,false,false,mint,en,AUD,2026-06-27T01:40:51.883Z
Lord of the Rings,binder,Scroll of Isildur,LTR,The Lord of the Rings: Tales of Middle-earth,69,normal,rare,1,82894,195821f4-ba3d-4412-930f-f3656b319dfd,0.91,false,false,mint,en,AUD,2026-06-27T01:41:17.984Z
Lord of the Rings,binder,Lost Isle Calling,LTR,The Lord of the Rings: Tales of Middle-earth,444,normal,rare,1,83670,fab613e1-390c-4581-9c3e-4c4b26464d10,0.66,false,false,mint,en,AUD,2026-06-27T01:42:04.898Z
Lord of the Rings,binder,Reprieve,LTR,The Lord of the Rings: Tales of Middle-earth,26,normal,uncommon,1,82902,1bd3fa8a-6c50-4f7f-9ae3-0810eec5e3db,1.34,false,false,mint,en,AUD,2026-06-27T01:42:58.683Z
Lord of the Rings,binder,"Faramir, Field Commander",LTR,The Lord of the Rings: Tales of Middle-earth,14,normal,uncommon,1,82889,17c2250a-9af1-40de-9f09-7e8c7daec520,0.23,false,false,mint,en,AUD,2026-06-27T01:43:49.774Z
Lord of the Rings,binder,Dúnedain Rangers,LTR,The Lord of the Rings: Tales of Middle-earth,159,normal,uncommon,1,83133,630e1e36-2f5d-44d4-9ff2-19ae75295016,0.33,false,false,mint,en,AUD,2026-06-27T01:44:17.893Z
Lord of the Rings,binder,Gimli's Axe,LTR,The Lord of the Rings: Tales of Middle-earth,130,normal,common,1,83550,d8999b6c-e501-48d0-ae51-a35b96f996ec,0.21,false,false,mint,en,AUD,2026-06-27T01:44:54.612Z
Lord of the Rings,binder,Oliphaunt,LTR,The Lord of the Rings: Tales of Middle-earth,139,normal,common,1,83161,6989018c-37b1-4282-a4af-9cc97f160b4d,0.34,false,false,mint,en,AUD,2026-06-27T01:45:11.668Z
Lord of the Rings,binder,Mirkwood Spider,LTR,The Lord of the Rings: Tales of Middle-earth,178,normal,common,1,83388,ad961ba1-c74f-4a44-87fe-b30e2b63e378,0.36,false,false,mint,en,AUD,2026-06-27T01:46:03.074Z
Lord of the Rings,binder,Mirkwood Bats,LTR,The Lord of the Rings: Tales of Middle-earth,95,normal,common,1,82881,15f035df-784a-4dc8-b7f5-77139a4e6e99,2.21,false,false,mint,en,AUD,2026-06-27T01:46:57.269Z
Lord of the Rings,binder,Mirror of Galadriel,LTR,The Lord of the Rings: Tales of Middle-earth,244,foil,uncommon,2,83454,bc95036f-98f2-4ea7-93bb-542ad7064540,0.37,false,false,near_mint,en,AUD,2026-06-27T02:00:10.018Z
Lord of the Rings,binder,Barad-dûr,LTR,The Lord of the Rings: Tales of Middle-earth,253,normal,rare,1,83616,eb5038af-06b0-401e-8dea-a1a8483788ae,3.04,false,false,mint,en,AUD,2026-06-27T02:00:56.646Z
Lord of the Rings,binder,Oliphaunt,LTR,The Lord of the Rings: Tales of Middle-earth,426,normal,common,1,83667,fa65958a-f601-472e-a9b6-42650b97fa44,0.27,false,false,mint,en,AUD,2026-06-27T02:01:17.819Z
Lord of the Rings,binder,"Mauhúr, Uruk-hai Captain",LTR,The Lord of the Rings: Tales of Middle-earth,214,normal,uncommon,1,83145,65e9a757-7ed4-4cc0-bb6f-a59fa69b32a5,0.46,false,false,mint,en,AUD,2026-06-27T02:01:56.024Z
Lord of the Rings,binder,Gwaihir the Windlord,LTR,The Lord of the Rings: Tales of Middle-earth,210,normal,uncommon,1,82897,1a42c951-1146-4f49-a690-7d385962b191,0.37,false,false,mint,en,AUD,2026-06-27T02:02:22.720Z
Lord of the Rings,binder,Lash of the Balrog,LTR,The Lord of the Rings: Tales of Middle-earth,92,normal,common,1,83236,812fee97-e145-4458-b495-bc6ad227335b,0.27,false,false,mint,en,AUD,2026-06-27T02:03:26.709Z
Lord of the Rings,binder,Nasty End,LTR,The Lord of the Rings: Tales of Middle-earth,99,normal,common,1,83477,c34f88d7-15a1-434f-88d7-3d4fcf406d54,0.38,false,false,mint,en,AUD,2026-06-27T02:03:47.693Z
Lord of the Rings,binder,Cirith Ungol Patrol,LTR,The Lord of the Rings: Tales of Middle-earth,80,normal,common,1,83215,7cd03837-37cc-4f6c-8e22-e3b0ff635462,0.24,false,false,mint,en,AUD,2026-06-27T02:04:32.081Z
Lord of the Rings,binder,Forest,LTR,The Lord of the Rings: Tales of Middle-earth,280,normal,common,1,82964,2f5b488e-d725-4ef7-90f4-71091325c0b6,0.67,false,false,near_mint,en,AUD,2026-06-27T02:26:22.696Z
Lord of the Rings,binder,Revive the Shire,LTR,The Lord of the Rings: Tales of Middle-earth,185,normal,common,1,83045,46b7f493-1b57-4b07-8510-30703282f879,0.31,false,false,mint,en,AUD,2026-06-27T02:26:40.057Z
Lord of the Rings,binder,Shower of Arrows,LTR,The Lord of the Rings: Tales of Middle-earth,188,normal,common,1,83300,92cd3884-18d1-4200-b28e-a52349ef37aa,0.29,false,false,mint,en,AUD,2026-06-27T02:27:04.851Z
Lord of the Rings,binder,Shire Scarecrow,LTR,The Lord of the Rings: Tales of Middle-earth,249,normal,common,1,83421,b60b4f2e-ff47-4762-a803-30e81b665c09,0.27,false,false,mint,en,AUD,2026-06-27T02:28:03.436Z
Lord of the Rings,binder,Samwise the Stouthearted,LTR,The Lord of the Rings: Tales of Middle-earth,28,normal,uncommon,1,82922,214c270e-29ca-4d69-bea6-9252ae7707ad,0.26,false,false,mint,en,AUD,2026-06-27T02:28:46.191Z
Lord of the Rings,binder,"Gollum, Patient Plotter",LTR,The Lord of the Rings: Tales of Middle-earth,84,normal,uncommon,1,83069,4ddda7d4-0226-404f-8418-f1f5720dcef8,0.33,false,false,mint,en,AUD,2026-06-27T02:29:13.537Z
Lord of the Rings,binder,Frodo Baggins,LTR,The Lord of the Rings: Tales of Middle-earth,205,normal,uncommon,1,83576,de1c0399-9db8-4901-b72e-0010eb9b92b0,0.36,false,false,mint,en,AUD,2026-06-27T02:29:49.104Z
Lord of the Rings,binder,"Fear, Fire, Foes!",LTR,The Lord of the Rings: Tales of Middle-earth,125,normal,uncommon,1,82995,37be98a4-0cba-46b4-be93-a9805fe77160,0.3,false,false,mint,en,AUD,2026-06-27T02:30:29.980Z
Lord of the Rings,binder,"Quickbeam, Upstart Ent",LTR,The Lord of the Rings: Tales of Middle-earth,419,normal,uncommon,1,83024,402d829d-9d99-48ac-9ffe-14405ec56302,0.3,false,false,mint,en,AUD,2026-06-27T02:31:17.383Z
Lord of the Rings,binder,"Pippin, Guard of the Citadel",LTR,The Lord of the Rings: Tales of Middle-earth,218,normal,rare,1,82840,08b7a4d8-1183-430e-8ea4-016844f33200,1.4,false,false,mint,en,AUD,2026-06-27T02:32:06.460Z
Lord of the Rings,binder,Sam's Desperate Rescue,LTR,The Lord of the Rings: Tales of Middle-earth,105,foil,common,1,83456,bdd4d735-8cda-47c1-865b-48b51ac8f666,0.44,false,false,mint,en,AUD,2026-06-27T02:33:15.957Z
Lord of the Rings,binder,Human Soldier,TLTR,Tales of Middle-earth Tokens,1,normal,common,1,83561,dbab4309-daca-42d9-ad0b-0457717c4503,0.44,false,false,near_mint,en,AUD,2026-06-27T03:02:03.355Z
Lord of the Rings,binder,Glorious Gale,LTR,The Lord of the Rings: Tales of Middle-earth,51,foil,common,1,83178,6e1057de-5710-415c-9a51-1d8bd86021a3,0.4,false,false,mint,en,AUD,2026-06-27T03:02:34.650Z
Lord of the Rings,binder,Storm of Saruman,LTR,The Lord of the Rings: Tales of Middle-earth,72,normal,mythic,1,83078,52884e67-c742-4799-9afd-55bc70b2cf40,4.75,false,false,mint,en,AUD,2026-06-27T03:03:21.129Z
Lord of the Rings,binder,"Gimli, Counter of Kills",LTR,The Lord of the Rings: Tales of Middle-earth,129,normal,uncommon,1,82948,28b41c48-0715-49d9-98e5-e82b706da816,0.27,false,false,mint,en,AUD,2026-06-27T03:04:08.231Z
Lord of the Rings,binder,Olog-hai Crusher,LTR,The Lord of the Rings: Tales of Middle-earth,140,normal,common,1,83476,c33bf593-62e0-491a-a31a-328bce6d8735,0.1,false,false,mint,en,AUD,2026-06-27T03:05:10.893Z
Lord of the Rings,binder,Haradrim Spearmaster,LTR,The Lord of the Rings: Tales of Middle-earth,135,normal,common,1,83118,6050cf98-cdce-4825-9ab8-2294a2b63faf,0.11,false,false,mint,en,AUD,2026-06-27T03:05:59.260Z
Lord of the Rings,binder,Inherited Envelope,LTR,The Lord of the Rings: Tales of Middle-earth,242,normal,common,1,83418,b590d028-ea6a-4550-b5e2-ba328a81bbc0,0.31,false,false,mint,en,AUD,2026-06-27T03:06:36.744Z
Lord of the Rings,binder,Bombadil's Song,LTR,The Lord of the Rings: Tales of Middle-earth,154,normal,common,1,83137,6391699e-987a-499f-9fec-96f2362760b9,0.19,false,false,mint,en,AUD,2026-06-27T03:07:01.073Z
Lord of the Rings,binder,Forest,LTR,The Lord of the Rings: Tales of Middle-earth,271,foil,common,1,82833,07264de1-4322-4adb-8f08-c0aa236747c7,0.37,false,false,mint,en,AUD,2026-06-27T03:08:05.760Z
Lord of the Rings,binder,Stalwarts of Osgiliath,LTR,The Lord of the Rings: Tales of Middle-earth,33,normal,common,1,82955,2acb8240-8e0e-4adf-a884-4986c116e704,0.13,false,false,mint,en,AUD,2026-06-27T03:11:23.392Z
Lord of the Rings,binder,Errand-Rider of Gondor,LTR,The Lord of the Rings: Tales of Middle-earth,11,normal,common,1,83534,d3f990e7-54a3-4893-8510-645b2065447b,0.13,false,false,mint,en,AUD,2026-06-27T03:12:29.601Z
Lord of the Rings,binder,Protector of Gondor,LTR,The Lord of the Rings: Tales of Middle-earth,25,normal,common,1,83256,85708748-40ca-4066-a287-7a6a189ff3df,0.16,false,false,mint,en,AUD,2026-06-27T03:13:48.290Z
Lord of the Rings,binder,Friendly Rivalry,LTR,The Lord of the Rings: Tales of Middle-earth,204,normal,uncommon,1,82930,24076763-88ba-4dee-b548-9c27bd34fdb7,0.23,false,false,mint,en,AUD,2026-06-27T03:14:32.830Z
Lord of the Rings,binder,"Legolas, Counter of Kills",LTR,The Lord of the Rings: Tales of Middle-earth,212,normal,uncommon,1,83496,c8bd408c-9e6d-436d-9c4f-9ef3203aeb64,0.14,false,false,mint,en,AUD,2026-06-27T03:16:06.614Z
Lord of the Rings,binder,Uglúk of the White Hand,LTR,The Lord of the Rings: Tales of Middle-earth,235,normal,uncommon,1,83610,e914c7fc-be3c-4346-bf37-6e10f4998204,0.24,false,false,mint,en,AUD,2026-06-27T03:18:44.983Z
Lord of the Rings,binder,Peregrin Took,LTR,The Lord of the Rings: Tales of Middle-earth,315,normal,uncommon,1,83673,fbbdd288-83ec-4be9-b55f-17771fd5ecc4,0.48,false,false,mint,en,AUD,2026-06-27T03:19:56.361Z
Lord of the Rings,binder,The Shire,LTR,The Lord of the Rings: Tales of Middle-earth,260,normal,rare,1,83539,d5178a1b-588b-4414-a370-ac6eed51187a,6.2,false,false,mint,en,AUD,2026-06-27T03:20:59.208Z
Lord of the Rings,binder,Haunt of the Dead Marshes,LTR,The Lord of the Rings: Tales of Middle-earth,90,foil,common,1,83151,673c6c12-2513-4d1b-acf0-6a1f741d49dd,0.37,false,false,near_mint,en,AUD,2026-06-27T03:22:24.422Z
Lord of the Rings,binder,"Sauron, the Necromancer",LTR,The Lord of the Rings: Tales of Middle-earth,310,foil,rare,1,82931,24521350-ffa6-46d9-95ed-6573c681e095,1.22,false,false,mint,en,AUD,2026-07-11T07:37:19.531Z
Lord of the Rings,binder,"Bilbo, Retired Burglar",LTR,The Lord of the Rings: Tales of Middle-earth,403,normal,uncommon,2,83399,b14d6a77-eb1e-4f1a-ac5c-7513952fd1ce,1.62,false,false,mint,en,AUD,2026-07-11T07:38:30.711Z
Lord of the Rings,binder,Barad-dûr,LTR,The Lord of the Rings: Tales of Middle-earth,340,normal,rare,1,83397,b0b2b1ca-c05d-443a-af59-e608ffa251bf,3.67,false,false,mint,en,AUD,2026-07-11T07:40:24.248Z
Lord of the Rings,binder,"Gandalf, Friend of the Shire",LTR,The Lord of the Rings: Tales of Middle-earth,308,normal,uncommon,1,83615,eae80537-f355-4aa3-8952-b08f3d1a1e41,0.23,false,false,mint,en,AUD,2026-07-11T07:41:18.735Z
Lord of the Rings,binder,Círdan the Shipwright,LTC,Tales of Middle-earth Commander,133,normal,rare,1,83474,c26f61aa-c8e2-4304-ae81-10589bcf799a,2.3,false,false,mint,en,AUD,2026-07-11T07:42:28.150Z
Lord of the Rings,binder,The Battle of Bywater,LTR,The Lord of the Rings: Tales of Middle-earth,346,normal,rare,1,83049,47c922a8-28b7-4831-8314-2ce41762955f,3.84,false,false,mint,en,AUD,2026-07-11T07:43:57.318Z
Lord of the Rings,binder,Saruman of Many Colors,LTR,The Lord of the Rings: Tales of Middle-earth,223,foil,mythic,1,83279,8cfcc7ec-87a2-4712-8d82-217bd8600891,2.18,false,false,mint,en,AUD,2026-07-11T07:45:15.808Z
Lord of the Rings,binder,Plains,LTR,The Lord of the Rings: Tales of Middle-earth,273,foil,common,1,83254,8538a97f-302d-468a-8a6c-50c800d614e5,1.03,false,false,near_mint,en,AUD,2026-07-11T07:47:12.942Z
Lord of the Rings,binder,Prince Imrahil the Fair,LTR,The Lord of the Rings: Tales of Middle-earth,219,foil,uncommon,1,83216,7d486def-7c3f-41e9-bb28-4582450a7b9e,0.47,false,false,mint,en,AUD,2026-07-11T07:48:02.632Z
Lord of the Rings,binder,Lash of the Balrog,LTR,The Lord of the Rings: Tales of Middle-earth,92,foil,common,1,83236,812fee97-e145-4458-b495-bc6ad227335b,0.22,false,false,mint,en,AUD,2026-07-11T07:49:42.325Z
Lord of the Rings,binder,Chance-Met Elves,LTR,The Lord of the Rings: Tales of Middle-earth,157,foil,common,1,82843,0aa57431-39e2-4152-8a30-1c1e8faef153,0.33,false,false,mint,en,AUD,2026-07-11T07:50:38.561Z
Lord of the Rings,binder,East-Mark Cavalier,LTR,The Lord of the Rings: Tales of Middle-earth,9,foil,common,1,83337,9be412c0-45d4-4856-a8cf-63a5a822dc5c,0.23,false,false,mint,en,AUD,2026-07-11T07:51:46.041Z
Lord of the Rings,binder,Dunland Crebain,LTR,The Lord of the Rings: Tales of Middle-earth,82,foil,common,1,83160,695c05ab-e46e-46c7-bd2e-ef0b2307e449,0.33,false,false,mint,en,AUD,2026-07-11T07:52:48.355Z
Lord of the Rings,binder,Food,TLTR,Tales of Middle-earth Tokens,11,foil,common,1,83592,e4b7e3b5-2f3c-4eb7-abc9-322a049a9e1a,,false,false,mint,en,AUD,2026-07-11T07:54:13.758Z
Lord of the Rings,binder,Spirit,TLTR,Tales of Middle-earth Tokens,3,foil,common,1,83093,57b674ef-f541-4ee8-9727-1c5b3c0c8f4e,,false,false,mint,en,AUD,2026-07-11T08:01:47.124Z
Lord of the Rings,binder,"Merry, Esquire of Rohan",LTR,The Lord of the Rings: Tales of Middle-earth,437,normal,rare,1,82937,259ff889-fc9a-42f7-998d-0ab23c94ad8a,1.58,false,false,mint,en,AUD,2026-07-24T11:21:33.720Z
Lord of the Rings,binder,Knights of Dol Amroth,LTR,The Lord of the Rings: Tales of Middle-earth,432,foil,common,1,82848,0c511371-97d7-47cc-934c-939dfbdd1c0b,0.36,false,false,mint,en,AUD,2026-07-24T11:22:39.126Z
Lord of the Rings,binder,Raise the Palisade,LTC,Tales of Middle-earth Commander,106,normal,rare,1,82972,3137b507-8c45-40f4-b971-f27c01d0d4c5,28.09,false,false,mint,en,AUD,2026-07-31T01:31:25.678Z
Lord of the Rings,binder,War of the Last Alliance,LTR,The Lord of the Rings: Tales of Middle-earth,36,foil,rare,1,83120,60ddf2cd-5b33-4c8a-a610-8e6a15404dde,2.48,false,false,mint,en,AUD,2026-07-31T01:31:59.962Z
Lord of the Rings,binder,Lobelia Sackville-Baggins,LTR,The Lord of the Rings: Tales of Middle-earth,357,normal,rare,1,83029,41c94c38-7ff7-4177-ba41-573b389301c3,0.57,false,false,mint,en,AUD,2026-07-31T01:33:15.609Z
Lord of the Rings,binder,Gandalf's Sanction,LTR,The Lord of the Rings: Tales of Middle-earth,208,foil,uncommon,1,83286,8ebf2a25-9bee-4146-af83-f22aab6db2a8,0.47,false,false,mint,en,AUD,2026-07-31T01:34:03.654Z
Lord of the Rings,binder,Council's Deliberation,LTR,The Lord of the Rings: Tales of Middle-earth,46,foil,uncommon,1,83142,651503a2-5d1e-408a-9cdc-0cee05ab3ef0,0.37,false,false,mint,en,AUD,2026-07-31T01:34:46.424Z
Lord of the Rings,binder,Generous Ent,LTR,The Lord of the Rings: Tales of Middle-earth,169,foil,common,1,83258,85d22d5d-3875-42ff-b51e-c6e21db201f5,5.55,false,false,mint,en,AUD,2026-07-31T01:35:32.336Z
Lord of the Rings,binder,Nimrodel Watcher,LTR,The Lord of the Rings: Tales of Middle-earth,63,foil,common,1,83473,c253ee40-41c9-4cb5-a1a3-94b0aaed09d4,0.24,false,false,mint,en,AUD,2026-07-31T01:36:20.154Z
Lord of the Rings,binder,Battle-Scarred Goblin,LTR,The Lord of the Rings: Tales of Middle-earth,115,foil,common,1,83436,b91859de-1983-4c9c-a9e6-289c7dba1eb4,0.22,false,false,mint,en,AUD,2026-07-31T01:37:14.737Z
Lord of the Rings,binder,Isolation at Orthanc,LTR,The Lord of the Rings: Tales of Middle-earth,57,foil,common,1,83084,54b9c323-ac9b-4864-bd57-81b557f44114,0.32,false,false,mint,en,AUD,2026-07-31T01:37:49.668Z
Lord of the Rings,binder,Gandalf the White,LTR,The Lord of the Rings: Tales of Middle-earth,442,foil,mythic,1,83126,61741337-1f9d-42f2-8e79-c7bae436ec59,25.53,false,false,mint,en,AUD,2026-07-31T01:39:42.324Z
Lord of the Rings,binder,Plains,LTR,The Lord of the Rings: Tales of Middle-earth,272,foil,common,1,83073,4ff9fbf5-de6f-4ef9-a6ab-56da4b341b77,1.12,false,false,mint,en,AUD,2026-07-31T01:41:50.706Z
Lord of the Rings,binder,Smaug,TLTR,Tales of Middle-earth Tokens,7,foil,common,1,82884,16d2b87e-f8f9-4756-9ea2-64bc5c13bb96,,false,false,mint,en,AUD,2026-07-31T01:42:39.203Z
Lord of the Rings,binder,Food,TLTR,Tales of Middle-earth Tokens,10,foil,common,1,83466,bfcff41e-b6ff-4ddd-bcb6-8943f7d88aef,,false,false,mint,en,AUD,2026-07-31T01:43:17.875Z
Lord of the Rings,binder,"Éowyn, Shieldmaiden",LTC,Tales of Middle-earth Commander,86,foil,mythic,1,82879,159a4857-711b-4365-8813-1f56ea8f5291,3.08,false,false,mint,en,AUD,2026-07-31T02:37:21.447Z
Lord of the Rings,binder,Many Partings,LTR,The Lord of the Rings: Tales of Middle-earth,445,foil,common,1,83204,7769f0ce-b31b-4cb5-8635-2b9b70114180,0.47,false,false,mint,en,AUD,2026-07-31T02:38:13.212Z
Lord of the Rings,binder,Reflecting Pool,LTC,Tales of Middle-earth Commander,373,normal,mythic,1,83293,90600867-9b2b-4174-8fb5-3f58469e8733,32.19,false,false,mint,en,AUD,2026-07-31T02:39:28.031Z
Lord of the Rings,binder,Monstrosity of the Lake,LTC,Tales of Middle-earth Commander,105,normal,rare,1,83374,a7c3a1bd-efde-418d-a8e0-4aeb0f3a5442,3.98,false,false,mint,en,AUD,2026-07-31T02:41:14.641Z
Lord of the Rings,binder,Glamdring,LTR,The Lord of the Rings: Tales of Middle-earth,376,normal,mythic,1,82857,1128f94f-9980-4bb8-a5db-21a82ce9e680,4.37,false,false,mint,en,AUD,2026-07-31T02:41:59.096Z
Lord of the Rings,binder,Sauron's Ransom,LTR,The Lord of the Rings: Tales of Middle-earth,225,foil,rare,1,83170,6b98850c-ad69-42da-b91a-8dc5e226c444,1.26,false,false,mint,en,AUD,2026-07-31T02:42:44.900Z
Lord of the Rings,binder,Swamp,LTR,The Lord of the Rings: Tales of Middle-earth,277,foil,common,1,83535,d412d727-4fe8-4c21-a2cb-609395935dd8,2.47,false,false,mint,en,AUD,2026-07-31T02:43:41.530Z
Lord of the Rings,binder,Ringsight,LTR,The Lord of the Rings: Tales of Middle-earth,220,foil,uncommon,1,82992,3700a65c-6f54-4d56-9c6f-8364c45a058c,0.59,false,false,mint,en,AUD,2026-07-31T02:44:11.646Z
Lord of the Rings,binder,"Glorfindel, Dauntless Rescuer",LTR,The Lord of the Rings: Tales of Middle-earth,171,foil,uncommon,1,83444,baf7a546-8a8b-4396-ab64-9a5b9abffe79,0.3,false,false,mint,en,AUD,2026-07-31T02:44:52.726Z
Lord of the Rings,binder,Sol Ring,LTC,Tales of Middle-earth Commander,410,normal,mythic,1,82867,13788423-db82-4e76-83ad-3f812a4d547a,662.95,false,false,mint,en,AUD,2026-07-31T02:45:41.972Z
Lord of the Rings,binder,Revive the Shire,LTR,The Lord of the Rings: Tales of Middle-earth,185,foil,common,1,83045,46b7f493-1b57-4b07-8510-30703282f879,0.4,false,false,mint,en,AUD,2026-07-31T02:51:37.990Z
Lord of the Rings,binder,Hobbit's Sting,LTR,The Lord of the Rings: Tales of Middle-earth,20,foil,common,1,82820,019eab42-9e0c-4958-ac97-74d3db5580f3,0.39,false,false,mint,en,AUD,2026-07-31T02:51:58.967Z
Lord of the Rings,binder,Rally at the Hornburg,LTR,The Lord of the Rings: Tales of Middle-earth,142,foil,common,1,83622,ee7292f7-1c7e-449c-9c52-7584d6a14c2c,0.44,false,false,mint,en,AUD,2026-07-31T02:52:32.108Z
Lord of the Rings,binder,Food,TLTR,Tales of Middle-earth Tokens,9,foil,common,1,83127,61f04cd9-63ef-4dda-948a-0be76628900c,,false,false,mint,en,AUD,2026-07-31T02:53:23.692Z
Lord of the Rings,binder,Orc Army,TLTR,Tales of Middle-earth Tokens,6,foil,common,1,83558,db598f33-2ff9-4e0b-a067-05fecc03435f,,false,false,mint,en,AUD,2026-07-31T02:54:04.535Z
Lord of the Rings,binder,"Théoden, King of Rohan",LTR,The Lord of the Rings: Tales of Middle-earth,233,foil,uncommon,1,83654,f6dcd1ca-4943-46e4-bb5d-c14949e21e23,0.36,false,false,mint,en,AUD,2026-08-01T03:13:33.095Z
Lord of the Rings,binder,Pippin's Bravery,LTR,The Lord of the Rings: Tales of Middle-earth,414,normal,common,1,82841,08dc9616-83e5-451f-aaa8-d0c81802fa13,0.24,false,false,mint,en,AUD,2026-08-01T03:14:28.671Z
Singles,binder,Sylvan Awakening,DOM,Dominaria,183,foil,rare,1,2093,93ac4d3d-064e-459d-b3a4-6c0872a2da8c,4.31,false,false,mint,en,AUD,2026-08-07T09:41:05.327Z
Singles,binder,Creeping Renaissance,ISD,Innistrad,174,foil,rare,1,18724,b965069d-8513-41ab-98f6-3fbd46c19e2d,5.24,false,false,mint,en,AUD,2026-08-07T09:43:34.685Z
Singles,binder,Bear Umbra,C18,Commander 2018,131,normal,rare,1,712,f025451f-24aa-41d6-9051-c456e52bbdda,15.18,false,false,mint,en,AUD,2026-08-07T09:44:21.451Z
Singles,binder,Fruition,POR,Portal,166,normal,common,1,37385,147082a3-1408-44f9-ab39-f069cee5c710,1.12,false,false,mint,en,AUD,2026-08-07T09:45:19.757Z
Singles,binder,"Gwenna, Eyes of Gaea",BRO,The Brothers' War,347,foil,rare,1,75984,f4774554-1de5-4011-bd74-d3982bf33971,10.26,false,false,near_mint,en,AUD,2026-08-07T09:46:00.309Z
Singles,binder,Sylvan Advocate,OGW,Oath of the Gatewatch,144,normal,rare,1,9238,4ad1ff9b-306d-47c3-9334-371e4482370b,0.4,false,false,mint,en,AUD,2026-08-07T09:46:41.712Z
The Hobbit,binder,The Black Gate,HOC,The Hobbit Eternal,47,foil,mythic,1,115246,db3710f3-fd63-43d9-b9d6-dfac041954fa,30.95,false,false,mint,en,AUD,2026-08-08T10:06:53.353Z
The Hobbit,binder,Thranduil's Company,HOB,The Hobbit,168,foil,rare,1,115109,abdb9d4e-e6ca-409b-b589-0cf71724340b,2.49,false,false,mint,en,AUD,2026-08-08T13:13:10.367Z
The Hobbit,binder,Key to the Side-Door,HOB,The Hobbit,175,foil,uncommon,1,115105,898c14a2-d897-4341-83ed-eee666df9648,1.15,false,false,mint,en,AUD,2026-08-08T13:13:31.334Z
The Hobbit,binder,Confusticate and Bebother,HOB,The Hobbit,35,foil,common,1,115071,9de48690-e5ae-495a-addf-305f1db7ec21,0.75,false,false,mint,en,AUD,2026-08-08T13:18:04.271Z
The Hobbit,binder,Boughside Wanderers,HOB,The Hobbit,121,foil,common,2,115196,71bec005-2925-4944-be16-2cc5eb30f5d6,0.34,false,false,near_mint,en,AUD,2026-08-08T13:18:32.372Z
The Hobbit,binder,Magnificent End,HOB,The Hobbit,20,foil,common,1,115170,430c8916-1167-400b-9cad-d301f59d5e5d,0.45,false,false,mint,en,AUD,2026-08-08T13:18:59.601Z
The Hobbit,binder,Ragged Short Spear,HOB,The Hobbit,108,foil,common,1,115203,7bf81a8b-52ad-49f5-a3d4-22613cad3a3d,0.51,false,false,mint,en,AUD,2026-08-08T13:19:21.885Z
The Hobbit,binder,Elvenking's Halls,HOB,The Hobbit,182,foil,common,3,115086,cd477096-41b1-4907-9cb3-852cb22c9ba2,0.45,false,false,mint,en,AUD,2026-08-08T13:19:52.874Z
The Hobbit,binder,Bothersome Noisemaker,HOB,The Hobbit,89,foil,uncommon,2,114956,cb25b11a-6bf5-4a9a-b60f-d4dcac3816d6,1.2,false,false,mint,en,AUD,2026-08-08T13:20:27.033Z
The Hobbit,binder,Nighthowl Pursuer,HOB,The Hobbit,78,foil,uncommon,1,114959,d3cbe830-7e95-4019-89c4-cfb36bcf00f8,0.4,false,false,mint,en,AUD,2026-08-08T13:21:29.210Z
The Hobbit,binder,Plains,HOB,The Hobbit,194,foil,common,1,112914,24dc369c-020a-4115-a4bb-d60a44de64e3,0.48,false,false,mint,en,AUD,2026-08-08T13:22:01.831Z
The Hobbit,binder,Dreaded Bat-Cloud,HOB,The Hobbit,206,foil,uncommon,2,115142,1d84b0f8-aa9d-46b5-b46d-cb291aa6af9a,2.69,false,false,mint,en,AUD,2026-08-08T13:22:30.728Z
The Hobbit,binder,Fíli the Pathfinder,HOB,The Hobbit,14,foil,rare,1,115075,b02142f3-5e55-40dc-a02c-9113fb7d763c,3.99,false,false,near_mint,en,AUD,2026-08-08T13:23:16.239Z
The Hobbit,binder,Treasure,THOB,The Hobbit Tokens,12,foil,common,1,112945,c6e096bb-ad9e-4a8b-8b42-26852fa32c1d,,false,false,near_mint,en,AUD,2026-08-08T13:24:14.633Z
The Hobbit,binder,Kíli the Resourceful,HOB,The Hobbit,287,normal,rare,1,115111,c241a594-24bc-4fd9-ac6d-501d11dddad1,4.56,false,false,mint,en,AUD,2026-08-08T13:25:22.022Z
The Hobbit,binder,Beorn the Fierce,HOB,The Hobbit,230,normal,mythic,1,114906,949e4c23-d0e7-4e11-abd4-33ff78b1c963,29.79,false,false,mint,en,AUD,2026-08-08T13:26:03.741Z
The Hobbit,binder,The Notary Hobbits,HOB,The Hobbit,232,foil,rare,1,115110,b2b6ac15-2266-442a-99e5-96db904e1fd7,7.46,false,false,mint,en,AUD,2026-08-08T13:27:08.742Z
The Hobbit,binder,Bejeweled Warg,HOB,The Hobbit,305,foil,rare,1,115152,2b689d91-1ac0-474b-ae58-2c320e1af5e4,8.22,false,false,mint,en,AUD,2026-08-08T13:51:36.348Z
The Hobbit,binder,Desert Were-Worm,HOB,The Hobbit,225,normal,rare,1,114924,3f4794de-701d-4619-8b8b-cbfdd860c567,5.23,false,false,mint,en,AUD,2026-08-08T13:52:23.808Z
The Hobbit,binder,Bilbo's Burglaring,HOC,The Hobbit Eternal,10,normal,rare,1,114824,8e603c26-0c51-4cee-b1de-ada73d5f7f27,3.71,false,false,mint,en,AUD,2026-08-08T13:53:23.408Z
The Hobbit,binder,"Sting, Bilbo's Sword",HOB,The Hobbit,178,foil,rare,1,114844,d6a8d698-c454-42c4-ad4e-9a7625d5569f,0.72,false,false,near_mint,en,AUD,2026-08-08T13:54:08.489Z
The Hobbit,binder,Desolation of Smaug,HOB,The Hobbit,93,foil,rare,1,114799,2462358b-52c8-49b2-8d97-d65a9188f8f7,2.48,false,false,mint,en,AUD,2026-08-08T13:54:51.785Z
The Hobbit,binder,Swamp,HOB,The Hobbit,196,foil,common,1,112944,c5f590a3-9993-4ac4-a93c-1beb44eda17b,0.51,false,false,mint,en,AUD,2026-08-08T13:56:54.978Z
The Hobbit,binder,Iron Hills Blacksmith,HOB,The Hobbit,216,foil,uncommon,1,114899,6b428a9a-3a59-4416-b00b-78e2cb73e2d6,0.85,false,false,mint,en,AUD,2026-08-08T13:58:17.326Z
The Hobbit,binder,Troop of Ponies,HOB,The Hobbit,3,foil,uncommon,1,115131,0b4b1c59-bcec-4779-9e27-0e6f9feb4e11,0.89,false,false,mint,en,AUD,2026-08-08T13:59:27.408Z
The Hobbit,binder,"Galion, Elvenking's Butler",HOB,The Hobbit,125,foil,uncommon,1,114979,985bd676-58c4-42c7-a570-1b413e9aa94c,0.42,false,false,mint,en,AUD,2026-08-08T14:02:13.424Z
The Hobbit,binder,Thranduil's Decree,HOB,The Hobbit,56,foil,uncommon,2,114950,e4ded4c1-0e3e-47c5-8fdc-e7c187f68b12,0.46,false,false,mint,en,AUD,2026-08-08T14:02:45.133Z
The Hobbit,binder,Iron Hills,HOB,The Hobbit,185,foil,common,1,115063,78045c43-5cbe-48ff-837d-e7c6baac2937,0.52,false,false,mint,en,AUD,2026-08-08T14:03:58.589Z
The Hobbit,binder,Plunder the Trollshaws,HOB,The Hobbit,51,foil,common,1,115074,afb73190-b9bd-4744-a011-a37cd9c0148d,0.45,false,false,mint,en,AUD,2026-08-08T14:04:25.757Z
The Hobbit,binder,Ravening Warg,HOB,The Hobbit,80,foil,common,1,115257,ea7b5052-b343-466d-879e-2a211657ef0a,0.44,false,false,mint,en,AUD,2026-08-08T14:05:36.104Z
The Hobbit,binder,Lake-town Lookout,HOB,The Hobbit,18,foil,common,1,115138,178c4cf6-6b11-40e4-9673-c560d6818a6b,0.5,false,false,mint,en,AUD,2026-08-08T14:06:13.166Z
The Hobbit,binder,Pinecone Strike,HOB,The Hobbit,107,foil,common,1,115255,ea174cea-40e5-424e-9734-e39aae6c6b17,0.54,false,false,mint,en,AUD,2026-08-08T14:07:10.862Z
The Hobbit,binder,Kíli the Resourceful,HOB,The Hobbit,287,foil,rare,1,115111,c241a594-24bc-4fd9-ac6d-501d11dddad1,6.68,false,false,mint,en,AUD,2026-08-08T14:19:47.891Z
The Hobbit,binder,The Lonely Mountain,HOB,The Hobbit,207,normal,rare,1,114787,0015ae49-bc21-4cf3-bb46-3df52760e183,2.08,false,false,mint,en,AUD,2026-08-08T14:20:53.070Z
The Hobbit,binder,Dáin's Company,HOB,The Hobbit,212,normal,rare,1,115019,323f7ae8-9247-479e-aead-f46018a3d81d,2.14,false,false,mint,en,AUD,2026-08-08T14:21:18.408Z
The Hobbit,binder,Dáin Ironfoot,HOB,The Hobbit,91,foil,rare,1,115025,7112e460-9160-4535-ad94-93f1f4ac04cf,0.68,false,false,mint,en,AUD,2026-08-08T14:22:00.648Z
The Hobbit,binder,Settle the Wreckage,HOB,The Hobbit,26,foil,rare,1,115098,31a7a5e2-4cb8-48fc-8351-18344b4a7560,4.71,false,false,mint,en,AUD,2026-08-08T14:23:25.583Z
The Hobbit,binder,Forest,HOB,The Hobbit,198,foil,common,1,112924,5f533364-0f91-4e49-aaeb-83c4c1f6d316,0.55,false,false,mint,en,AUD,2026-08-08T14:24:22.944Z
The Hobbit,binder,Thrór's Map,HOB,The Hobbit,179,foil,uncommon,1,115032,ad0dba36-d056-4bc1-987a-391da26ad267,1.05,false,false,mint,en,AUD,2026-08-08T14:25:35.386Z
The Hobbit,binder,The Chief Warg,HOB,The Hobbit,150,foil,uncommon,1,114839,c397a298-bf7f-49d7-a26a-206ccf9e8120,1.26,false,false,mint,en,AUD,2026-08-08T14:28:36.608Z
The Hobbit,binder,Quarrel,HOB,The Hobbit,135,foil,common,1,115179,5900a0b4-aa89-4019-94c9-7e9ea3b4792e,0.44,false,false,mint,en,AUD,2026-08-08T14:29:16.990Z
The Hobbit,binder,Dwarven Shortsword,HOB,The Hobbit,10,foil,common,1,115259,f2341cf3-4d2c-4a4f-9aea-8834104a8910,0.44,false,false,mint,en,AUD,2026-08-08T14:29:51.015Z
The Hobbit,binder,Well-Worn Spatula,HOB,The Hobbit,180,foil,common,1,115055,659b687f-4068-496f-81b2-7b606bf07ec1,0.47,false,false,mint,en,AUD,2026-08-08T14:31:43.215Z
The Hobbit,binder,Enchanted River's Grasp,HOB,The Hobbit,39,foil,common,2,115225,ad40a4b9-9fab-49c1-8e9f-6e0776966833,0.44,false,false,near_mint,en,AUD,2026-08-08T14:34:46.481Z
The Hobbit,binder,Smaug's Fury,HOB,The Hobbit,111,foil,common,1,115218,a16f203a-785e-4c78-9410-fb9f8a0ffa01,0.45,false,false,mint,en,AUD,2026-08-08T14:35:30.593Z
The Hobbit,binder,Getaway Barrel,HOB,The Hobbit,303,foil,rare,1,115068,8db47144-e048-4996-9f9a-1184dd86151f,4.04,false,false,mint,en,AUD,2026-08-09T04:49:05.563Z
The Hobbit,binder,Esgaroth Garrison,HOB,The Hobbit,13,foil,common,1,115177,573f67b0-6ce8-4857-a703-4a5728640736,0.4,false,false,mint,en,AUD,2026-08-09T04:49:33.310Z
The Hobbit,binder,"Nori, Teller of Tales",HOB,The Hobbit,161,foil,common,2,115076,b05adb48-980c-49a0-9ce6-7c7f3f20715d,0.41,false,false,mint,en,AUD,2026-08-09T04:49:51.915Z
The Hobbit,binder,"Ori, Keeper of Songs",HOB,The Hobbit,23,foil,common,1,115081,c5727af5-a487-4b16-8278-81c3c928c417,0.43,false,false,mint,en,AUD,2026-08-09T04:50:26.143Z
The Hobbit,binder,The Gaffer,HOC,The Hobbit Eternal,15,normal,mythic,1,114955,9c264afd-ea8b-435c-bb01-c754d44ba4a5,11.59,false,false,mint,en,AUD,2026-08-09T04:51:12.160Z
The Hobbit,binder,Wizard's Staff,HOB,The Hobbit,294,normal,rare,1,114993,14e69ca4-5148-44ec-bb21-330e656a6833,15.04,false,false,mint,en,AUD,2026-08-09T04:52:40.487Z
The Hobbit,binder,Ordinary Bear,HOB,The Hobbit,133,foil,common,1,115040,0feb9817-56e1-465a-851c-b2fe202aa8ae,0.51,false,false,mint,en,AUD,2026-08-09T04:53:14.900Z
The Hobbit,binder,The Master of Lake-town,HOB,The Hobbit,77,foil,rare,1,114885,3788ada6-34a9-41af-a31c-2d090550e503,1.7,false,false,mint,en,AUD,2026-08-09T04:53:42.074Z
The Hobbit,binder,Mountain,HOB,The Hobbit,197,foil,common,1,112923,51acfb01-4b0b-48fc-9704-a9b4a1e43a23,0.82,false,false,mint,en,AUD,2026-08-09T04:55:31.649Z
The Hobbit,binder,Sound the Trumpets,HOB,The Hobbit,55,foil,uncommon,1,114949,dd32a1dd-3541-4572-a717-1deabc14b827,0.37,false,false,mint,en,AUD,2026-08-09T04:56:04.345Z
The Hobbit,binder,"Bombur, Gentle Dreamer",HOB,The Hobbit,88,foil,uncommon,1,115183,63c317e7-432c-4817-8db4-3670a1d84be3,0.45,false,false,mint,en,AUD,2026-08-09T04:57:09.850Z
The Hobbit,binder,The Black Arrow,HOB,The Hobbit,171,foil,uncommon,1,115108,ab181190-d53d-4972-8cd5-8e54b45f2276,0.5,false,false,mint,en,AUD,2026-08-11T09:29:37.631Z
The Hobbit,binder,"Glamdring, Foe-hammer // Gleam of Death",HOB,The Hobbit,174,normal,rare,1,115106,a5cfbfde-783e-46ca-b3cf-11f16209d6cb,1.7,false,false,mint,en,AUD,2026-08-11T09:30:03.710Z
The Hobbit,binder,Dreaded Bat-Cloud,HOB,The Hobbit,66,normal,uncommon,1,115186,67d52db5-597e-46d5-af39-c3a2de107d30,0.43,false,false,mint,en,AUD,2026-08-11T09:30:54.300Z
The Hobbit,binder,Bard the Bowman,HOB,The Hobbit,145,normal,uncommon,2,114790,0b84e232-428c-424a-848c-ef95debc6e50,0.45,false,false,mint,en,AUD,2026-08-11T09:31:23.939Z
The Hobbit,binder,Woodland Weavemaster,HOB,The Hobbit,143,normal,uncommon,3,115034,fe2b4bcf-56de-44d3-83af-aeb27f82c25e,0.43,false,false,mint,en,AUD,2026-08-11T09:32:39.265Z
The Hobbit,binder,Stir Up Trouble,HOB,The Hobbit,84,normal,common,2,115266,fd145e3a-c889-4390-accb-863dbcc845ce,0.35,false,false,mint,en,AUD,2026-08-11T09:32:55.142Z
The Hobbit,binder,Enchanted River's Grasp,HOB,The Hobbit,39,normal,common,2,115225,ad40a4b9-9fab-49c1-8e9f-6e0776966833,0.37,false,false,mint,en,AUD,2026-08-11T09:33:24.391Z
The Hobbit,binder,Iron Hills Stalwart,HOB,The Hobbit,102,normal,common,1,115172,46daa9ac-0ac7-4df9-b9d2-e03ab5b56c72,0.38,false,false,mint,en,AUD,2026-08-11T09:33:51.078Z
The Hobbit,binder,Velvetwing Butterflies // Gaze in Wonder,HOB,The Hobbit,30,normal,common,3,115180,5cc0f994-5048-4898-926e-b56cbc97e0ca,0.55,false,false,mint,en,AUD,2026-08-11T09:34:20.440Z
The Hobbit,binder,Dwarven Provisioner,HOB,The Hobbit,9,normal,common,3,115144,1f9a61a1-454e-4d5b-a6dd-1a79fe9dedf3,0.35,false,false,mint,en,AUD,2026-08-11T09:34:43.552Z
The Hobbit,binder,Mirkwood Nurturer,HOB,The Hobbit,160,normal,common,3,115061,704b45e4-566e-40f6-a33a-9151018b44e5,0.57,false,false,mint,en,AUD,2026-08-11T09:35:22.334Z
The Hobbit,binder,Gundabad Opportunist,HOB,The Hobbit,101,normal,common,2,115233,bc4a60b8-a5bb-4dbf-8d48-95caf757eac3,0.44,false,false,mint,en,AUD,2026-08-11T09:35:49.603Z
The Hobbit,binder,Great Fierce Bee,HOB,The Hobbit,73,normal,common,2,115215,9d9ef88f-d208-4788-9553-cd672b3be1fe,0.86,false,false,mint,en,AUD,2026-08-11T09:36:30.238Z
The Hobbit,binder,Swamp,HOB,The Hobbit,196,normal,common,1,112944,c5f590a3-9993-4ac4-a93c-1beb44eda17b,0.61,false,false,mint,en,AUD,2026-08-11T09:36:53.568Z
The Hobbit,binder,Human Soldier,THOB,The Hobbit Tokens,2,normal,common,6,115182,6007af81-4541-4b55-90ea-03d365362ae5,,false,false,mint,en,AUD,2026-08-11T09:37:16.162Z
The Hobbit,binder,Goblin Army,THOB,The Hobbit Tokens,4,normal,common,2,114788,0045408d-4ab9-48bf-84aa-c6d827682090,,false,false,mint,en,AUD,2026-08-11T09:37:35.567Z
The Hobbit,binder,Dancing from Dark to Dawn,HOB,The Hobbit,123,normal,mythic,1,115022,550cd0b6-ca61-4db7-9d20-0b68c48066f9,11.15,false,false,mint,en,AUD,2026-08-11T09:46:00.815Z
The Hobbit,binder,Elf,THOB,The Hobbit Tokens,8,normal,common,3,115198,761c7c31-c6c5-44e2-a845-f590542b6eda,,false,false,mint,en,AUD,2026-08-11T10:22:43.804Z
The Hobbit,binder,Goblin-town,HOB,The Hobbit,183,normal,common,1,115088,d76df9d0-56cf-4351-a5e8-e6ae6fc791d1,0.44,false,false,mint,en,AUD,2026-08-11T10:23:33.736Z
The Hobbit,binder,Plains,HOB,The Hobbit,194,normal,common,1,112914,24dc369c-020a-4115-a4bb-d60a44de64e3,0.62,false,false,mint,en,AUD,2026-08-11T10:27:22.177Z
The Hobbit,binder,Bejeweled Warg,HOB,The Hobbit,117,normal,rare,1,115115,e95eba5c-e0d6-46b4-a0be-8e373b2185ea,0.68,false,false,mint,en,AUD,2026-08-11T10:31:37.628Z
The Hobbit,binder,Master's Councillors,HOB,The Hobbit,47,normal,uncommon,1,114932,addcefdd-e012-4adf-9052-e60376a8d2d3,0.43,false,false,mint,en,AUD,2026-08-11T10:31:56.991Z
The Hobbit,binder,"Burn, Burn, Tree and Fern",HOB,The Hobbit,90,normal,uncommon,1,114856,fceb1a2d-121e-49ad-acf2-1bb5aebec116,0.52,false,false,mint,en,AUD,2026-08-11T10:32:16.773Z
The Hobbit,binder,Gnashing of Teeth,HOB,The Hobbit,69,normal,uncommon,2,114927,5d485d70-c7b9-40a4-9089-5e7f1c2b9213,0.61,false,false,mint,en,AUD,2026-08-11T10:32:37.120Z
The Hobbit,binder,Confusticate and Bebother,HOB,The Hobbit,35,normal,common,2,115071,9de48690-e5ae-495a-addf-305f1db7ec21,0.62,false,false,mint,en,AUD,2026-08-11T10:33:13.283Z
The Hobbit,binder,Goblin Plate Mail,HOB,The Hobbit,157,normal,common,4,115085,cb982607-da37-4894-91a5-cf6307d4d703,0.48,false,false,mint,en,AUD,2026-08-11T10:33:28.651Z
The Hobbit,binder,"Bilbo Baggins, Burglar // Take a Glance",HOB,The Hobbit,34,normal,common,3,115057,6a109b3e-9f5b-4625-abb7-6b992c10530b,0.5,false,false,mint,en,AUD,2026-08-11T10:33:59.752Z
The Hobbit,binder,Long-Bodied Grey Dog,HOB,The Hobbit,1,normal,common,1,115243,d1a1e520-1fe2-4529-8afb-c187bb80da3c,0.62,false,false,mint,en,AUD,2026-08-11T10:35:19.419Z
The Hobbit,binder,Esgaroth Garrison,HOB,The Hobbit,13,normal,common,3,115177,573f67b0-6ce8-4857-a703-4a5728640736,0.4,false,false,mint,en,AUD,2026-08-11T10:35:45.695Z
The Hobbit,binder,"Beorn, Reluctant Host // Till and Tend",HOB,The Hobbit,118,normal,common,3,115066,804589b7-3ef9-473d-97cc-c61a2d41f70d,0.41,false,false,mint,en,AUD,2026-08-11T10:35:59.625Z
The Hobbit,binder,Pinecone Strike,HOB,The Hobbit,107,normal,common,3,115255,ea174cea-40e5-424e-9734-e39aae6c6b17,0.43,false,false,mint,en,AUD,2026-08-11T10:36:16.397Z
The Hobbit,binder,Duskwatch Hunter,HOB,The Hobbit,153,normal,common,2,115045,3685c783-d837-4466-a960-ab3098db64c3,0.45,false,false,mint,en,AUD,2026-08-11T10:36:36.727Z
The Hobbit,binder,Wood Elves,HOB,The Hobbit,142,foil,common,1,112913,2476e42b-b209-4207-8ed9-cb668f89b218,0.41,false,false,mint,en,AUD,2026-08-11T10:37:23.453Z
The Hobbit,binder,Glóin the Mighty // Easy Pickings,HOB,The Hobbit,99,normal,uncommon,1,115023,5793b8eb-2fc5-454d-8fa2-20346fef167a,0.44,false,false,mint,en,AUD,2026-08-11T10:37:48.301Z
The Hobbit,binder,Troop of Ponies,HOB,The Hobbit,199,normal,uncommon,1,115191,6cbcd606-b864-4b81-9596-e7788befdd1f,0.51,false,false,mint,en,AUD,2026-08-11T10:38:34.699Z
The Hobbit,binder,Uneasy Partings,HOB,The Hobbit,58,normal,common,3,115250,e49866d4-966a-40f9-b08d-18e5af6d726b,0.4,false,false,mint,en,AUD,2026-08-11T10:38:53.706Z
The Hobbit,binder,Stony-Voiced Goblins,HOB,The Hobbit,85,normal,common,1,115194,6fcc3699-b475-4612-884d-81bd4f21e9c1,0.41,false,false,mint,en,AUD,2026-08-11T10:39:10.325Z
The Hobbit,binder,Well-Worn Spatula,HOB,The Hobbit,180,normal,common,3,115055,659b687f-4068-496f-81b2-7b606bf07ec1,0.37,false,false,mint,en,AUD,2026-08-11T10:39:46.251Z
The Hobbit,binder,Vow to Erebor,HOB,The Hobbit,31,normal,common,1,115210,8d4f3eb5-fedf-45d6-8bd8-aacbe0ce33b2,0.45,false,false,mint,en,AUD,2026-08-11T10:40:08.629Z
The Hobbit,binder,Lake-town Lookout,HOB,The Hobbit,18,normal,common,2,115138,178c4cf6-6b11-40e4-9673-c560d6818a6b,0.37,false,false,mint,en,AUD,2026-08-11T10:40:23.444Z
The Hobbit,binder,Bilbo's Deadly Slice,HOB,The Hobbit,62,normal,common,1,115137,17892c93-b9b2-4720-933b-998ed0200492,0.37,false,false,mint,en,AUD,2026-08-11T10:40:41.236Z
The Hobbit,binder,Attercop,HOB,The Hobbit,116,normal,common,2,115206,81263d5d-e402-4813-9458-161112da27ab,0.95,false,false,mint,en,AUD,2026-08-11T10:41:05.624Z
The Hobbit,binder,Goblin Army,THOB,The Hobbit Tokens,3,normal,common,3,115155,2e2028b1-34c0-40b6-8f65-79f79a279996,,false,false,mint,en,AUD,2026-08-11T10:42:08.108Z
The Hobbit,binder,Wolf,THOB,The Hobbit Tokens,9,normal,common,2,115248,e07312b9-f3c1-4e36-88fc-b29cde581eb6,,false,false,mint,en,AUD,2026-08-11T10:42:53.276Z
The Hobbit,binder,"Gollum, Riddle Master",HOB,The Hobbit,70,normal,mythic,1,114835,bbdc7e37-c65a-497a-92b7-a30a6e369c71,5.92,false,false,mint,en,AUD,2026-08-12T09:23:24.560Z
The Hobbit,binder,Old Fat Spider,HOB,The Hobbit,132,normal,uncommon,1,115033,e0c0f842-40fe-4776-a988-a35216bcfd47,0.48,false,false,mint,en,AUD,2026-08-12T09:23:43.301Z
The Hobbit,binder,Old Fat Spider,HOB,The Hobbit,132,foil,uncommon,1,115033,e0c0f842-40fe-4776-a988-a35216bcfd47,0.38,false,false,near_mint,en,AUD,2026-08-12T09:23:46.090Z
The Hobbit,binder,Goblin-town Flunkies,HOB,The Hobbit,100,normal,common,2,115239,ccff7382-8609-494c-aeee-cd1436456dd0,0.42,false,false,mint,en,AUD,2026-08-12T09:24:11.727Z
The Hobbit,binder,Reverent Howl,HOB,The Hobbit,81,normal,common,2,115136,16765eb2-d497-4cd6-b683-20eac2f10bbf,0.44,false,false,mint,en,AUD,2026-08-12T09:24:23.138Z
The Hobbit,binder,Thorin's Last Stand,HOB,The Hobbit,209,normal,common,1,115128,089e8e4b-c367-4d86-a69a-951f7d779aaf,0.44,false,false,mint,en,AUD,2026-08-12T09:27:13.598Z
The Hobbit,binder,"Gandalf, Wandering Wizard",HOB,The Hobbit,41,normal,common,1,115043,1f8403a2-849c-4a59-b0ed-c8803995028d,0.38,false,false,mint,en,AUD,2026-08-12T09:27:57.363Z
The Hobbit,binder,"Gandalf, Spark Starter",HOB,The Hobbit,203,normal,uncommon,1,114984,ccf2923e-5358-4e40-bc64-2953ac2d1692,0.45,false,false,mint,en,AUD,2026-08-12T09:28:17.557Z
The Hobbit,binder,Crude Bent Blade,HOB,The Hobbit,63,normal,common,3,115116,fa8fd3c4-bd00-485d-80b1-2b67f5786fce,0.34,false,false,mint,en,AUD,2026-08-12T09:28:30.919Z
The Hobbit,binder,Óin the Brave,HOB,The Hobbit,106,normal,common,2,115212,9984b9ef-e81c-48f4-aa33-0504171a2d3c,0.48,false,false,mint,en,AUD,2026-08-12T09:28:41.975Z
The Hobbit,binder,Troll Negotiations,HOB,The Hobbit,138,normal,uncommon,1,115112,ca0f7bf4-b8a2-4ec4-ad7e-b639de9fa76a,0.37,false,false,mint,en,AUD,2026-08-12T09:28:56.390Z
The Hobbit,binder,The Black Arrow,HOB,The Hobbit,171,normal,uncommon,1,115108,ab181190-d53d-4972-8cd5-8e54b45f2276,0.41,false,false,mint,en,AUD,2026-08-12T09:29:11.890Z
The Hobbit,binder,Bilbo's Gambit,HOB,The Hobbit,5,normal,rare,1,114953,45ad01f0-cda8-4931-82bb-cb4949e56ae9,6.0,false,false,mint,en,AUD,2026-08-12T09:29:26.488Z
The Hobbit,binder,Most Decrepit Old Bird // Speak Secrets,HOB,The Hobbit,49,normal,rare,1,115017,2d838feb-89f2-4cdb-a5ab-ec880f28d873,0.55,false,false,mint,en,AUD,2026-08-12T09:30:42.992Z
The Hobbit,binder,Iron Hills Stalwart,HOB,The Hobbit,102,foil,common,1,115172,46daa9ac-0ac7-4df9-b9d2-e03ab5b56c72,0.38,false,false,mint,en,AUD,2026-08-12T09:31:02.285Z
The Hobbit,binder,"Gollum, Silent Slinker // Meager Meal",HOB,The Hobbit,71,normal,common,2,115060,6cfaa182-3fec-4907-8814-b4d29c33cec3,0.35,false,false,mint,en,AUD,2026-08-12T09:31:48.563Z
The Hobbit,binder,On an Adventure,THOB,The Hobbit Tokens,15,normal,common,3,115270,5e289bb3-f6de-450d-9f7e-77e2e70cb7cc,,false,false,mint,en,AUD,2026-08-12T09:32:19.009Z
The Hobbit,binder,Plunder the Trollshaws,HOB,The Hobbit,51,normal,common,1,115074,afb73190-b9bd-4744-a011-a37cd9c0148d,0.42,false,false,mint,en,AUD,2026-08-12T09:33:27.739Z
The Hobbit,binder,Lakeshore Apothecary,HOB,The Hobbit,43,normal,common,2,115223,abfbb255-a39b-4df5-bfb6-5298584e89f0,0.31,false,false,mint,en,AUD,2026-08-12T09:33:47.750Z
The Hobbit,binder,Little Bear,HOB,The Hobbit,128,normal,common,1,115067,8a50858a-33b5-4c45-9c31-5956ae5a33a6,0.41,false,false,mint,en,AUD,2026-08-12T09:34:16.044Z
The Hobbit,binder,Elven Raft-Steerer,HOB,The Hobbit,37,normal,uncommon,2,114890,c141695c-c108-41d5-85cb-1f7485d9d533,0.51,false,false,mint,en,AUD,2026-08-12T09:34:30.008Z
The Hobbit,binder,"Bofur, Reliable Guardian // Concerted Care",HOB,The Hobbit,6,normal,uncommon,1,115190,6b8e6435-7de4-41d5-bc7d-8e24c11897d0,0.52,false,false,mint,en,AUD,2026-08-12T09:34:40.148Z
The Hobbit,binder,"Balin, Loremaster",HOB,The Hobbit,87,normal,rare,1,115047,42d7ca7b-c983-40fd-ad57-59f6972bb375,0.51,false,false,mint,en,AUD,2026-08-12T09:34:51.956Z
The Hobbit,binder,Iron Hills,HOB,The Hobbit,185,normal,common,3,115063,78045c43-5cbe-48ff-837d-e7c6baac2937,0.55,false,false,mint,en,AUD,2026-08-12T09:35:24.709Z
The Hobbit,binder,Enduring Story,THOB,The Hobbit Tokens,14,normal,common,2,115269,53bfaac7-07cf-4637-8f64-aba93ec7fd1a,,false,false,mint,en,AUD,2026-08-12T09:35:38.941Z
The Hobbit,binder,Dwarf,THOB,The Hobbit Tokens,6,normal,common,2,112933,9fcb3a3f-c0d4-43d4-8549-826a38bfa27d,,false,false,mint,en,AUD,2026-08-12T09:36:08.987Z
The Hobbit,binder,Thorin's Last Stand,HOB,The Hobbit,28,normal,common,1,115134,127367b6-9cfe-4516-9bfd-5b951468a25c,0.76,false,false,mint,en,AUD,2026-08-12T09:37:37.148Z
The Hobbit,binder,Mirkwood Meditator,HOB,The Hobbit,48,normal,common,2,115226,ad7ed4e6-3fe2-40f1-909b-a03b2a3c941a,0.38,false,false,mint,en,AUD,2026-08-12T09:38:06.674Z
The Hobbit,binder,Wargling,HOB,The Hobbit,140,normal,common,3,115141,1ccbf823-846f-4f09-9c67-1deebb5d1d92,0.42,false,false,mint,en,AUD,2026-08-12T09:38:39.445Z
The Hobbit,binder,"Bombur, Gentle Dreamer",HOB,The Hobbit,88,normal,uncommon,1,115183,63c317e7-432c-4817-8db4-3670a1d84be3,0.4,false,false,mint,en,AUD,2026-08-12T09:38:52.054Z
The Hobbit,binder,Sound the Trumpets,HOB,The Hobbit,55,normal,uncommon,1,114949,dd32a1dd-3541-4572-a717-1deabc14b827,0.41,false,false,mint,en,AUD,2026-08-12T09:39:06.465Z
The Hobbit,binder,The Notary Hobbits,HOB,The Hobbit,131,normal,rare,1,115113,d876315f-b269-4254-a517-905c6e927462,0.75,false,false,mint,en,AUD,2026-08-12T09:39:19.626Z
The Hobbit,binder,Gleaming Splendor,HOB,The Hobbit,15,normal,mythic,1,115163,3b087bd4-bbb7-4963-bdb6-0a700ff19a04,58.34,false,false,mint,en,AUD,2026-08-13T09:03:47.286Z
The Hobbit,binder,"Smaug, the Great Calamity // Spew Flame",HOB,The Hobbit,109,foil,common,1,115167,419ca9e5-8413-4378-a4ef-eda5a1024218,0.45,false,false,mint,en,AUD,2026-08-13T09:04:02.087Z
The Hobbit,binder,Forest,HOB,The Hobbit,193,normal,common,1,115079,c3e84b42-5423-4d4d-b8fc-cfbb2c53a4ca,0.55,false,false,mint,en,AUD,2026-08-13T09:04:48.095Z
The Hobbit,binder,Axe,THOB,The Hobbit Tokens,10,normal,common,1,115193,6f7a3999-e341-43bb-9b8f-6c1a05b98906,,false,false,mint,en,AUD,2026-08-13T09:11:34.240Z
The Hobbit,binder,Bird Soldier,THOB,The Hobbit Tokens,1,normal,common,1,115216,9ed2d2f3-e1b0-41e0-a29d-31624e5e9004,,false,false,mint,en,AUD,2026-08-13T09:11:45.546Z
The Hobbit,binder,Old Thrush,HOB,The Hobbit,2,normal,common,3,115162,3ad02b56-13ec-46ef-92bd-ae078b8bb517,0.41,false,false,mint,en,AUD,2026-08-13T09:12:55.223Z
The Hobbit,binder,Silvan Reveler,HOB,The Hobbit,163,normal,uncommon,1,114840,c71b74fb-fb0c-4953-b536-7a3f283c6918,0.5,false,false,mint,en,AUD,2026-08-13T09:14:03.327Z
The Hobbit,binder,Key to the Side-Door,HOB,The Hobbit,175,normal,uncommon,2,115105,898c14a2-d897-4341-83ed-eee666df9648,0.48,false,false,near_mint,en,AUD,2026-08-13T09:14:46.379Z
The Hobbit,binder,Bothersome Noisemaker,HOB,The Hobbit,89,normal,uncommon,1,114956,cb25b11a-6bf5-4a9a-b60f-d4dcac3816d6,0.52,false,false,mint,en,AUD,2026-08-13T09:15:36.679Z
The Hobbit,binder,"Bard, King of Dale",HOB,The Hobbit,144,normal,mythic,1,114837,c05c2aa6-29c7-40f8-872e-91099b9225c4,13.21,false,false,mint,en,AUD,2026-08-13T09:20:25.422Z
The Hobbit,binder,Lakeshore Apothecary,HOB,The Hobbit,43,foil,common,1,115223,abfbb255-a39b-4df5-bfb6-5298584e89f0,0.47,false,false,mint,en,AUD,2026-08-13T09:27:55.491Z
The Hobbit,binder,Roll-Roll-Roll-Roll,HOB,The Hobbit,54,normal,rare,1,115007,a2e4099e-86bd-461f-87fa-7f7850ae7eec,0.52,false,false,mint,en,AUD,2026-08-13T09:28:15.117Z
The Hobbit,binder,Fearsome Goblin Pair,HOB,The Hobbit,156,normal,uncommon,1,115018,2efe2dc7-3eaa-47f6-b1ae-f974c4a8ae79,0.41,false,false,mint,en,AUD,2026-08-13T09:28:34.862Z
The Hobbit,binder,Dreaded Bat-Cloud,HOB,The Hobbit,206,normal,uncommon,1,115142,1d84b0f8-aa9d-46b5-b46d-cb291aa6af9a,0.45,false,false,mint,en,AUD,2026-08-13T09:29:27.580Z
The Hobbit,binder,Tidings of War,HOB,The Hobbit,115,normal,common,2,115160,38c16a0a-375e-48cb-9720-dbbc08c603ae,0.45,false,false,mint,en,AUD,2026-08-13T09:29:42.931Z
The Hobbit,binder,Long Lake Nuisance,HOB,The Hobbit,45,normal,common,2,115240,cd5af94d-6321-4834-8e5f-e5d0261b3ef3,0.25,false,false,mint,en,AUD,2026-08-13T09:29:59.916Z
The Hobbit,binder,Smaug's Fury,HOB,The Hobbit,111,normal,common,1,115218,a16f203a-785e-4c78-9410-fb9f8a0ffa01,0.67,false,false,mint,en,AUD,2026-08-13T09:30:20.615Z
The Hobbit,binder,Rage into the Valley,HOB,The Hobbit,79,normal,common,1,115104,8651958c-3b94-47a9-a751-faf8f6236a42,0.45,false,false,mint,en,AUD,2026-08-13T09:30:51.261Z
The Hobbit,binder,Ordinary Bear,HOB,The Hobbit,133,normal,common,1,115040,0feb9817-56e1-465a-851c-b2fe202aa8ae,0.38,false,false,mint,en,AUD,2026-08-13T09:32:21.479Z
The Hobbit,binder,Mirkwood,HOB,The Hobbit,188,normal,common,2,115054,612cf954-f86c-4629-99df-4874d56fded3,0.58,false,false,mint,en,AUD,2026-08-13T09:32:43.625Z
The Hobbit,binder,Thranduil's Decree,HOB,The Hobbit,56,normal,uncommon,1,114950,e4ded4c1-0e3e-47c5-8fdc-e7c187f68b12,0.45,false,false,mint,en,AUD,2026-08-13T09:33:30.042Z
The Hobbit,binder,Snowslope Hunter,HOB,The Hobbit,112,normal,uncommon,2,115173,47666099-ffb2-4d07-a801-70524dba0837,0.42,false,false,mint,en,AUD,2026-08-13T09:33:41.099Z
The Hobbit,binder,The Mountain-king's Return,HOB,The Hobbit,22,normal,uncommon,1,114898,68f4893d-e9a5-4f89-ade3-9ab78a834ad5,0.41,false,false,mint,en,AUD,2026-08-13T09:33:54.861Z
The Hobbit,binder,Patient Instructor,HOB,The Hobbit,162,normal,common,3,115091,e4800508-8bb9-41bb-8712-b55fba7a80a5,0.38,false,false,mint,en,AUD,2026-08-13T09:34:08.089Z
The Hobbit,binder,Giant's Boulder,HOB,The Hobbit,173,normal,common,2,115241,ce254758-c928-4b43-a952-13fac1845668,0.4,false,false,mint,en,AUD,2026-08-13T09:35:20.457Z
The Hobbit,binder,"Nori, Teller of Tales",HOB,The Hobbit,161,normal,common,3,115076,b05adb48-980c-49a0-9ce6-7c7f3f20715d,0.4,false,false,mint,en,AUD,2026-08-13T09:35:41.768Z
The Hobbit,binder,Treasure,THOB,The Hobbit Tokens,13,normal,common,3,115242,d1892b78-7663-4cbd-a732-9a4b0b18d4c8,,false,false,mint,en,AUD,2026-08-13T09:36:21.032Z
The Hobbit,binder,"Dori, Bearer of Friends",HOB,The Hobbit,94,normal,common,3,115087,d2f60ad0-c887-4585-85f8-afcf72fb80d0,0.42,false,false,mint,en,AUD,2026-08-13T09:36:39.117Z
The Hobbit,binder,Ravening Warg,HOB,The Hobbit,80,normal,common,3,115257,ea7b5052-b343-466d-879e-2a211657ef0a,0.48,false,false,mint,en,AUD,2026-08-13T09:36:48.703Z
The Hobbit,binder,Roll-Roll-Roll-Roll,HOB,The Hobbit,54,foil,rare,1,115007,a2e4099e-86bd-461f-87fa-7f7850ae7eec,0.55,false,false,mint,en,AUD,2026-08-14T11:02:44.714Z
The Hobbit,binder,Warg Tactics,HOB,The Hobbit,139,normal,common,2,115228,b06d9cee-bb0f-4fe7-ab2a-b55d36461aec,0.41,false,false,mint,en,AUD,2026-08-14T11:36:32.375Z
The Hobbit,binder,"Gandalf, Spark Starter",HOB,The Hobbit,203,foil,uncommon,1,114984,ccf2923e-5358-4e40-bc64-2953ac2d1692,0.64,false,false,near_mint,en,AUD,2026-08-14T12:07:45.808Z
The Hobbit,binder,"Dwalin, Weaponmaster",HOB,The Hobbit,154,normal,rare,1,115041,196d9287-a37d-4b27-a83b-a5489a54f081,0.69,false,false,mint,en,AUD,2026-08-14T12:18:26.741Z
The Hobbit,binder,Celebrate the Mountain-king,HOB,The Hobbit,7,normal,uncommon,1,115169,42fbd61d-e1a6-465d-b1a3-f5ee0869d3af,0.42,false,false,mint,en,AUD,2026-08-14T12:18:37.117Z
The Hobbit,binder,Eagle of the Great Shelf,HOB,The Hobbit,11,normal,uncommon,1,114895,3feca644-5f65-4477-bbc8-d505cec6f3a5,0.47,false,false,mint,en,AUD,2026-08-14T12:19:15.311Z
The Hobbit,binder,Mountain,HOB,The Hobbit,197,normal,common,1,112923,51acfb01-4b0b-48fc-9704-a9b4a1e43a23,1.12,false,false,mint,en,AUD,2026-08-14T12:19:40.521Z
The Hobbit,binder,Human Soldier,THOB,The Hobbit Tokens,2,foil,common,1,115182,6007af81-4541-4b55-90ea-03d365362ae5,,false,false,mint,en,AUD,2026-08-14T12:25:42.587Z
The Hobbit,binder,Settle the Wreckage,HOB,The Hobbit,26,normal,rare,1,115098,31a7a5e2-4cb8-48fc-8351-18344b4a7560,0.88,false,false,mint,en,AUD,2026-08-14T12:57:00.691Z
The Hobbit,binder,Desolation of Smaug,HOB,The Hobbit,93,normal,rare,1,114799,2462358b-52c8-49b2-8d97-d65a9188f8f7,0.74,false,false,mint,en,AUD,2026-08-14T12:57:33.748Z
The Hobbit,binder,Ragged Short Spear,HOB,The Hobbit,108,normal,common,2,115203,7bf81a8b-52ad-49f5-a3d4-22613cad3a3d,0.59,false,false,mint,en,AUD,2026-08-14T12:57:51.086Z
The Hobbit,binder,Guardian of the Halls,HOB,The Hobbit,127,normal,common,2,115168,4265caec-8c28-44cd-8e6b-90b5af926d3c,0.52,false,false,mint,en,AUD,2026-08-14T12:58:39.323Z
The Hobbit,binder,"Ori, Keeper of Songs",HOB,The Hobbit,23,normal,common,2,115081,c5727af5-a487-4b16-8278-81c3c928c417,0.45,false,false,mint,en,AUD,2026-08-14T12:59:43.611Z
The Hobbit,binder,Quarrel,HOB,The Hobbit,135,normal,common,2,115179,5900a0b4-aa89-4019-94c9-7e9ea3b4792e,0.41,false,false,mint,en,AUD,2026-08-14T13:00:33.816Z
The Hobbit,binder,Ravenhill Flock,HOB,The Hobbit,52,normal,uncommon,1,114931,acbb4d32-2771-469e-a6de-0df15155cc62,0.45,false,false,mint,en,AUD,2026-08-14T13:01:05.364Z
The Hobbit,binder,Gathering of Darkness,HOB,The Hobbit,68,normal,uncommon,1,114923,2ce066be-e5ad-4b93-8245-1b5018990d03,0.47,false,false,mint,en,AUD,2026-08-14T13:01:24.889Z
The Hobbit,binder,Island,HOB,The Hobbit,190,normal,common,1,115083,c6aa89a8-3584-4906-b9a9-41ef2f021f8e,0.42,false,false,mint,en,AUD,2026-08-14T13:01:59.895Z
The Hobbit,binder,Wood Elves,HOB,The Hobbit,142,normal,common,1,112913,2476e42b-b209-4207-8ed9-cb668f89b218,0.47,false,false,mint,en,AUD,2026-08-14T13:02:22.893Z
The Hobbit,binder,Hobbit Hole,HOB,The Hobbit,184,normal,common,1,115038,0365c439-30bf-4d32-a791-166751bdb996,0.51,false,false,mint,en,AUD,2026-08-14T13:03:49.607Z
The Hobbit,binder,Elvenking's Harper,HOB,The Hobbit,38,normal,common,2,115214,9c50656d-c74a-4e90-9ef7-afa237682516,0.33,false,false,mint,en,AUD,2026-08-14T13:04:01.883Z
The Hobbit,binder,Bolg of the North,HOB,The Hobbit,148,normal,uncommon,1,114818,7b2d2a7f-88e0-45a9-8579-a6736bcd66eb,0.45,false,false,mint,en,AUD,2026-08-14T13:04:26.687Z
The Hobbit,binder,"Dáin, Lord of the Iron Hills",HOB,The Hobbit,8,normal,uncommon,1,115213,99d27749-d16c-45e9-accc-6a01351c17f9,0.41,false,false,mint,en,AUD,2026-08-14T13:04:54.496Z
The Hobbit,binder,"Down, Down to Goblin-town",HOB,The Hobbit,65,normal,uncommon,1,114933,b72e193c-e030-4936-9b79-c636eff750e1,0.42,false,false,mint,en,AUD,2026-08-14T13:05:09.328Z
The Hobbit,binder,Gigantic Big Bear,HOB,The Hobbit,126,normal,rare,1,115065,7d6ece3d-8e7a-41ad-974f-3c9748de4825,0.59,false,false,mint,en,AUD,2026-08-14T13:05:20.234Z
The Hobbit,binder,Lake-town,HOB,The Hobbit,186,foil,common,1,115044,2fbd0584-81a7-4c47-8af1-1c8635899a97,0.41,false,false,mint,en,AUD,2026-08-14T13:05:52.536Z
The Hobbit,binder,Treasure,THOB,The Hobbit Tokens,12,normal,common,2,112945,c6e096bb-ad9e-4a8b-8b42-26852fa32c1d,,false,false,mint,en,AUD,2026-08-14T13:06:17.990Z
The Hobbit,binder,Lake-town Mariners // Gone Fishing,HOB,The Hobbit,44,normal,uncommon,1,114996,4202a678-a5f4-47f9-9c18-e88ab9ad20a4,0.58,false,false,mint,en,AUD,2026-08-14T13:09:00.734Z
The Hobbit,binder,Rage into the Valley,HOB,The Hobbit,79,foil,common,1,115104,8651958c-3b94-47a9-a751-faf8f6236a42,0.4,false,false,mint,en,AUD,2026-08-14T13:11:37.256Z
The Hobbit,binder,Duskwatch Hunter,HOB,The Hobbit,153,foil,common,1,115045,3685c783-d837-4466-a960-ab3098db64c3,0.44,false,false,mint,en,AUD,2026-08-14T13:12:12.837Z
The Hobbit,binder,Elf,THOB,The Hobbit Tokens,8,foil,common,1,115198,761c7c31-c6c5-44e2-a845-f590542b6eda,,false,false,mint,en,AUD,2026-08-16T03:40:43.540Z
The Hobbit,binder,Treasure,THOB,The Hobbit Tokens,13,foil,common,1,115242,d1892b78-7663-4cbd-a732-9a4b0b18d4c8,,false,false,mint,en,AUD,2026-08-16T03:41:16.919Z
The Hobbit,binder,Forest,HOB,The Hobbit,193,foil,common,1,115079,c3e84b42-5423-4d4d-b8fc-cfbb2c53a4ca,0.35,false,false,near_mint,en,AUD,2026-08-17T07:56:05.872Z
The Hobbit,binder,"Sting, Bilbo's Sword",HOB,The Hobbit,178,normal,rare,1,114844,d6a8d698-c454-42c4-ad4e-9a7625d5569f,0.59,false,false,mint,en,AUD,2026-08-17T07:57:00.190Z
The Hobbit,binder,Dwarven Mauler,HOB,The Hobbit,95,normal,uncommon,1,114982,bd0f0415-43af-4f5d-8999-853c5d42780d,0.3,false,false,mint,en,AUD,2026-08-17T07:57:18.146Z
The Hobbit,binder,Gollum the Abandoned,HOB,The Hobbit,72,normal,uncommon,2,114926,50d91ef3-6f5d-4255-8d47-be731b5dad30,0.18,false,false,mint,en,AUD,2026-08-17T07:57:47.445Z
The Hobbit,binder,Eagle's Rescue,HOB,The Hobbit,155,normal,uncommon,2,115015,12c8f2cc-ac9d-4cf6-9025-efe366b4e07f,0.17,false,false,mint,en,AUD,2026-08-17T07:58:13.401Z
The Hobbit,binder,Magnificent End,HOB,The Hobbit,20,normal,common,1,115170,430c8916-1167-400b-9cad-d301f59d5e5d,0.23,false,false,mint,en,AUD,2026-08-17T07:59:24.085Z
The Hobbit,binder,Front Porch Sentries,HOB,The Hobbit,67,normal,common,1,115094,07bfc803-e11b-47ab-9f25-0ace7e174200,0.21,false,false,mint,en,AUD,2026-08-17T08:00:04.594Z
The Hobbit,binder,Boughside Wanderers,HOB,The Hobbit,121,normal,common,1,115196,71bec005-2925-4944-be16-2cc5eb30f5d6,0.17,false,false,mint,en,AUD,2026-08-20T09:27:58.268Z
The Hobbit,binder,Dwarven Shortsword,HOB,The Hobbit,10,normal,common,1,115259,f2341cf3-4d2c-4a4f-9aea-8834104a8910,0.22,false,false,mint,en,AUD,2026-08-20T09:29:29.428Z
The Hobbit,binder,"Gandalf, Spark Starter",HOB,The Hobbit,97,normal,uncommon,1,114975,7c5c6f1c-35cf-4172-b5a1-b73222b0723b,0.25,false,false,mint,en,AUD,2026-08-20T09:31:25.682Z
The Hobbit,binder,Wilderland Scrounger,HOB,The Hobbit,141,normal,uncommon,1,114999,63078f42-f404-4c61-86be-45d934393b0a,0.27,false,false,mint,en,AUD,2026-08-20T09:31:56.701Z
The Hobbit,binder,The Sackville-Bagginses,HOB,The Hobbit,83,normal,rare,1,114960,ed87b471-79f9-45ec-9188-69e970f6121e,0.73,false,false,mint,en,AUD,2026-08-20T09:32:11.418Z
The Hobbit,binder,Master's Councillors,HOB,The Hobbit,47,foil,uncommon,1,114932,addcefdd-e012-4adf-9052-e60376a8d2d3,0.35,false,false,mint,en,AUD,2026-08-20T09:32:35.791Z
The Hobbit,binder,Moment of Glory,HOB,The Hobbit,21,normal,common,1,115130,0a6a6ff0-b1cd-4b06-bd31-612690094e0e,0.1,false,false,mint,en,AUD,2026-08-20T09:34:49.572Z
The Hobbit,binder,Getaway Barrel,HOB,The Hobbit,98,normal,rare,1,115092,e4819aa6-5d28-4a37-942d-89523e30c4e1,0.44,false,false,mint,en,AUD,2026-08-20T09:37:24.593Z
The Hobbit,binder,"Down, Down to Goblin-town",HOB,The Hobbit,65,foil,uncommon,1,114933,b72e193c-e030-4936-9b79-c636eff750e1,0.42,false,false,mint,en,AUD,2026-08-20T09:38:01.378Z
The Hobbit,binder,Elvenking's Halls,HOB,The Hobbit,182,normal,common,1,115086,cd477096-41b1-4907-9cb3-852cb22c9ba2,0.18,false,false,mint,en,AUD,2026-08-20T09:38:37.406Z
Elven Council,binder,Wose Pathfinder,LTR,The Lord of the Rings: Tales of Middle-earth,190,normal,common,1,83144,6589b339-9067-4e9b-bfdb-c49f8b3ef2d4,0.29,false,false,mint,en,AUD,2026-06-21T02:14:56.248Z
Elven Council,binder,Mirror of Galadriel,LTR,The Lord of the Rings: Tales of Middle-earth,244,normal,uncommon,1,83454,bc95036f-98f2-4ea7-93bb-542ad7064540,0.33,false,false,mint,en,AUD,2026-06-21T02:17:32.799Z
Elven Council,binder,Celeborn the Wise,LTR,The Lord of the Rings: Tales of Middle-earth,156,normal,uncommon,1,82959,2daf449a-5f3e-44fd-968e-55d8517ae797,0.27,false,false,mint,en,AUD,2026-06-21T02:17:58.412Z
Elven Council,binder,Forest,LTR,The Lord of the Rings: Tales of Middle-earth,271,normal,common,7,82833,07264de1-4322-4adb-8f08-c0aa236747c7,0.21,false,false,mint,en,AUD,2026-06-22T11:23:43.471Z
Riders of Rohan,binder,Plains,LTR,The Lord of the Rings: Tales of Middle-earth,262,normal,common,5,83656,f724ae86-b968-4f49-8267-c2c34c22f1b6,0.29,false,false,mint,en,AUD,2026-06-22T11:38:21.422Z
Elven Council,binder,Elven Farsight,LTR,The Lord of the Rings: Tales of Middle-earth,161,normal,common,1,83195,73d135b2-d2b8-499c-84d9-824370c19ccc,0.33,false,false,mint,en,AUD,2026-06-22T11:47:08.080Z
Riders of Rohan,binder,"Éowyn, Shieldmaiden",LTC,Tales of Middle-earth Commander,1,foil,mythic,1,,dd4a00ff-2206-4e12-a0ab-61ed82c9e6c5,,false,false,mint,en,AUD,
Riders of Rohan,binder,"Aragorn, King of Gondor",LTC,Tales of Middle-earth Commander,5,foil,mythic,1,,1c7ac04c-8510-468b-aa6f-f249bde9ff87,,false,false,mint,en,AUD,
Riders of Rohan,binder,Arcane Signet,LTC,Tales of Middle-earth Commander,273,normal,common,1,,4e92354d-c203-41e1-822d-8263fadd9eb3,,false,false,mint,en,AUD,
Riders of Rohan,binder,Archivist of Gondor,LTC,Tales of Middle-earth Commander,18,normal,rare,1,,ec691418-1075-477f-b0df-f0d064588baf,,false,false,mint,en,AUD,
Riders of Rohan,binder,Banishing Light,LTC,Tales of Middle-earth Commander,161,normal,uncommon,1,,961b1464-928e-41b9-bc73-c47df94e0e8e,,false,false,mint,en,AUD,
Riders of Rohan,binder,Bastion Protector,LTC,Tales of Middle-earth Commander,162,normal,rare,1,,f6859dfd-64aa-41e4-9b6b-e560af265e44,,false,false,mint,en,AUD,
Riders of Rohan,binder,Battlefield Forge,LTC,Tales of Middle-earth Commander,296,normal,rare,1,,13cac289-319c-49a7-ab7c-961e147026ea,,false,false,mint,en,AUD,
Riders of Rohan,binder,Beregond of the Guard,LTC,Tales of Middle-earth Commander,9,normal,rare,1,,6aad41a6-e894-43f8-a4b5-abc206836306,,false,false,mint,en,AUD,
Riders of Rohan,binder,"Boromir, Gondor's Hope",LTC,Tales of Middle-earth Commander,49,normal,rare,1,,3c9b154f-808f-4338-ad95-a0a478460ad8,,false,false,mint,en,AUD,
Riders of Rohan,binder,Call for Aid,LTC,Tales of Middle-earth Commander,30,normal,rare,1,,7072b75a-64ab-4894-943e-fc0b779ca60e,,false,false,mint,en,AUD,
Riders of Rohan,binder,Champions of Minas Tirith,LTC,Tales of Middle-earth Commander,10,normal,rare,1,,34301efe-7085-476b-90e6-7ecd778b2970,,false,false,mint,en,AUD,
Riders of Rohan,binder,Clifftop Retreat,LTC,Tales of Middle-earth Commander,300,normal,rare,1,,3bf1e2f8-426c-4e24-b943-6fb9d5567d70,,false,false,mint,en,AUD,
Riders of Rohan,binder,Combat Celebrant,LTC,Tales of Middle-earth Commander,212,normal,mythic,1,,0be1c60b-511b-4d88-93d3-7910c082245a,,false,false,mint,en,AUD,
Riders of Rohan,binder,Command Tower,LTC,Tales of Middle-earth Commander,301,normal,common,1,,5306a95e-fb18-463d-81a9-3c3b8121fc94,,false,false,mint,en,AUD,
Riders of Rohan,binder,Commander's Sphere,LTC,Tales of Middle-earth Commander,276,normal,common,1,,6620b4a3-fa33-4bd7-9180-314919d8ea2a,,false,false,mint,en,AUD,
Riders of Rohan,binder,Court of Ire,LTC,Tales of Middle-earth Commander,213,normal,rare,1,,14efb04a-67d0-4d48-b292-b211f9cf967c,,false,false,mint,en,AUD,
Riders of Rohan,binder,Crown of Gondor,LTC,Tales of Middle-earth Commander,75,normal,rare,1,,00127acd-a284-4bc8-bdfa-895914e3cd49,,false,false,mint,en,AUD,
Riders of Rohan,binder,Dearly Departed,LTC,Tales of Middle-earth Commander,165,normal,rare,1,,900a6221-9222-4645-94e7-1a0fcaf73aae,,false,false,mint,en,AUD,
Riders of Rohan,binder,"Denethor, Stone Seer",LTC,Tales of Middle-earth Commander,20,normal,rare,1,,d32d3d8a-7450-4a29-abc7-f472426f0c28,,false,false,mint,en,AUD,
Riders of Rohan,binder,Door of Destinies,LTC,Tales of Middle-earth Commander,277,normal,rare,1,,ef038cae-d00b-42f4-81ae-09929b05d881,,false,false,mint,en,AUD,
Riders of Rohan,binder,Earthquake,LTC,Tales of Middle-earth Commander,214,normal,rare,1,,f1030c6d-e6f4-42e0-84d3-d3916d7f397c,,false,false,mint,en,AUD,
Riders of Rohan,binder,"Éomer, King of Rohan",LTC,Tales of Middle-earth Commander,52,normal,rare,1,,5f48930a-d7bd-410b-995a-4e2837aabb25,,false,false,mint,en,AUD,
Riders of Rohan,binder,"Erkenbrand, Lord of Westfold",LTR,The Lord of the Rings: Tales of Middle-earth,123,normal,uncommon,1,82999,38f81e68-cddd-47f4-b1d1-a297c3298c25,0.28,false,false,mint,en,AUD,2026-06-19T05:59:06.768Z
Riders of Rohan,binder,Evolving Wilds,LTC,Tales of Middle-earth Commander,306,normal,common,1,,e24ec4c1-5a28-450d-8e37-62a154749ee6,,false,false,mint,en,AUD,
Riders of Rohan,binder,Exotic Orchard,LTC,Tales of Middle-earth Commander,307,normal,rare,1,,a3120b65-f021-467e-bd9f-27329134a743,,false,false,mint,en,AUD,
Riders of Rohan,binder,"Faramir, Steward of Gondor",LTC,Tales of Middle-earth Commander,54,normal,rare,1,,5c3e8a30-de2a-4d8f-a929-5abeaea2e65a,,false,false,mint,en,AUD,
Riders of Rohan,binder,Fealty to the Realm,LTC,Tales of Middle-earth Commander,21,normal,rare,1,,017a5dbf-5773-448d-abf3-9a3d42bde9e5,,false,false,mint,en,AUD,
Riders of Rohan,binder,Field of Ruin,LTC,Tales of Middle-earth Commander,308,normal,uncommon,1,,8d9d6a9d-18a3-4cc8-8276-29fb826ed1fa,,false,false,mint,en,AUD,
Riders of Rohan,binder,Fiend Hunter,LTC,Tales of Middle-earth Commander,168,normal,uncommon,1,,703c52d2-9e9d-4a54-82af-800fa1456d36,,false,false,mint,en,AUD,
Riders of Rohan,binder,Flamerush Rider,LTC,Tales of Middle-earth Commander,216,normal,rare,1,,b0c33673-7fc8-40d2-9718-af234047df7f,,false,false,mint,en,AUD,
Riders of Rohan,binder,Forth Eorlingas!,LTC,Tales of Middle-earth Commander,56,normal,rare,1,,06c053d3-028e-4961-93a5-5b7bb5a8601c,,false,false,mint,en,AUD,
Riders of Rohan,binder,Frontier Warmonger,LTC,Tales of Middle-earth Commander,217,normal,rare,1,,1ded4ab9-3068-4b7a-99f7-bb51bde5dbee,,false,false,mint,en,AUD,
Riders of Rohan,binder,Frontline Medic,LTC,Tales of Middle-earth Commander,169,normal,rare,1,,3c7cfb4a-f4b5-4cb4-b0ed-13d29cf966a5,,false,false,mint,en,AUD,
Riders of Rohan,binder,Furycalm Snarl,LTC,Tales of Middle-earth Commander,313,normal,rare,1,,94e25653-b347-4ff3-a914-a00bea46be14,,false,false,mint,en,AUD,
Riders of Rohan,binder,"Gilraen, Dúnedain Protector",LTC,Tales of Middle-earth Commander,13,normal,rare,1,,07efe592-5851-4577-b73f-0bb232feb68b,,false,false,mint,en,AUD,
Riders of Rohan,binder,Gimli of the Glittering Caves,LTC,Tales of Middle-earth Commander,32,normal,rare,1,,5afc0319-9e17-4e81-a0b6-e76645bacb04,,false,false,mint,en,AUD,
Riders of Rohan,binder,Glacial Fortress,LTC,Tales of Middle-earth Commander,315,normal,rare,1,,381dee46-94c0-4b56-a752-fc0a1e651143,,false,false,mint,en,AUD,
Riders of Rohan,binder,Grey Host Reinforcements,LTC,Tales of Middle-earth Commander,14,normal,rare,1,,7d72498c-7ac0-41f7-8f8a-47fda31d99e5,,false,false,mint,en,AUD,
Riders of Rohan,binder,Harsh Mentor,LTC,Tales of Middle-earth Commander,221,normal,rare,1,,e885d925-13d8-4615-aefa-b2629ffa83b6,,false,false,mint,en,AUD,
Riders of Rohan,binder,Heirloom Blade,LTC,Tales of Middle-earth Commander,279,normal,uncommon,1,,a6463bdd-f9b3-46a6-9cb7-e1ba7e800b3c,,false,false,mint,en,AUD,
Riders of Rohan,binder,Herald's Horn,LTC,Tales of Middle-earth Commander,280,normal,uncommon,1,,4c0d09ac-ef6e-4b66-9e47-59cc97dd7d6b,,false,false,mint,en,AUD,
Riders of Rohan,binder,Humble Defector,LTC,Tales of Middle-earth Commander,222,normal,uncommon,1,,b2317866-35b3-4348-a5d1-888ef8f9e2ac,,false,false,mint,en,AUD,
Riders of Rohan,binder,Increasing Devotion,LTC,Tales of Middle-earth Commander,171,normal,rare,1,,ca0aaf39-0f4d-47c8-834e-f7974e316079,,false,false,mint,en,AUD,
Riders of Rohan,binder,Island,LTR,The Lord of the Rings: Tales of Middle-earth,264,normal,common,3,,bbeca27a-6c5b-40b9-83a4-a3a2096ff6f8,,false,false,mint,en,AUD,
Riders of Rohan,binder,Island,LTR,The Lord of the Rings: Tales of Middle-earth,265,normal,common,2,,671516eb-b088-4a15-aec9-1781ca016e11,,false,false,mint,en,AUD,
Riders of Rohan,binder,Lossarnach Captain,LTC,Tales of Middle-earth Commander,16,normal,rare,1,,08b78cd2-7c52-4dcd-b063-1ac5e96420d4,,false,false,mint,en,AUD,
Riders of Rohan,binder,Lost to Legend,LTR,The Lord of the Rings: Tales of Middle-earth,22,normal,uncommon,1,83480,c4e40481-aeaa-4b3d-a020-e9b6d7c11992,0.34,false,false,mint,en,AUD,2026-06-18T12:34:22.214Z
Riders of Rohan,binder,Marshal's Anthem,LTC,Tales of Middle-earth Commander,172,normal,rare,1,,c524688d-ec43-4665-a22b-c8efacb4be61,,false,false,mint,en,AUD,
Riders of Rohan,binder,Mountain,LTR,The Lord of the Rings: Tales of Middle-earth,268,normal,common,3,,e3731001-4e6a-4a91-9e7d-fc2ea039a60b,,false,false,mint,en,AUD,
Riders of Rohan,binder,Mountain,LTR,The Lord of the Rings: Tales of Middle-earth,269,normal,common,2,,adf13285-d127-4534-9f49-aa86914da175,,false,false,mint,en,AUD,
Riders of Rohan,binder,Oath of Eorl,LTC,Tales of Middle-earth Commander,64,normal,rare,1,,1ffc7f95-daed-452e-a114-859b8798055b,,false,false,mint,en,AUD,
Riders of Rohan,binder,Palace Jailer,LTC,Tales of Middle-earth Commander,174,normal,uncommon,1,,2bcaec9f-fab6-48a2-96d0-0eea7165c061,,false,false,mint,en,AUD,
Riders of Rohan,binder,Path of Ancestry,LTC,Tales of Middle-earth Commander,322,normal,common,1,,d79e2780-94ae-41bb-af48-c63abc726fb5,,false,false,mint,en,AUD,
Riders of Rohan,binder,Path to Exile,LTC,Tales of Middle-earth Commander,175,normal,uncommon,1,,58237803-5afc-445f-ba95-2233935fdac1,,false,false,mint,en,AUD,
Riders of Rohan,binder,Plains,LTR,The Lord of the Rings: Tales of Middle-earth,263,normal,common,4,,5bb495cc-9908-455e-bec9-3993d595f4f9,,false,false,mint,en,AUD,
Riders of Rohan,binder,Port Town,LTC,Tales of Middle-earth Commander,323,normal,rare,1,,adce6d6b-9d68-4289-b5af-41a41f140d62,,false,false,mint,en,AUD,
Riders of Rohan,binder,Prairie Stream,LTC,Tales of Middle-earth Commander,324,normal,rare,1,,9985b168-5c20-41ba-9ada-2b5e4710d48c,,false,false,mint,en,AUD,
Riders of Rohan,binder,Prince Imrahil the Fair,LTR,The Lord of the Rings: Tales of Middle-earth,219,normal,uncommon,1,83216,7d486def-7c3f-41e9-bb28-4582450a7b9e,0.37,false,false,mint,en,AUD,2026-06-18T14:12:26.407Z
Riders of Rohan,binder,Riders of Rohan,LTC,Tales of Middle-earth Commander,67,normal,rare,1,,e76a2b11-a087-42cf-8356-ef9edbac244a,,false,false,mint,en,AUD,
Riders of Rohan,binder,Rogue's Passage,LTC,Tales of Middle-earth Commander,326,normal,uncommon,1,,86438671-fdb8-4a82-b1e8-ef51fa4078df,,false,false,mint,en,AUD,
Riders of Rohan,binder,Secluded Courtyard,LTC,Tales of Middle-earth Commander,330,normal,uncommon,1,,a49a20ea-dcd7-435b-9bb5-abc9dee58fb0,,false,false,mint,en,AUD,
Riders of Rohan,binder,Selfless Squire,LTC,Tales of Middle-earth Commander,176,normal,rare,1,,f5f2bffc-4a56-4558-91b4-d2d6a98b8d05,,false,false,mint,en,AUD,
Riders of Rohan,binder,Shared Animosity,LTC,Tales of Middle-earth Commander,226,normal,rare,1,,7e735f1a-3925-43f8-bc95-2cadcd44d5e0,,false,false,mint,en,AUD,
Riders of Rohan,binder,Sol Ring,LTC,Tales of Middle-earth Commander,284,normal,uncommon,1,,5805f64c-dd88-4e94-8f0a-a01dae67e3ba,,false,false,mint,en,AUD,
Riders of Rohan,binder,Sulfur Falls,LTC,Tales of Middle-earth Commander,333,normal,rare,1,,9ac747b1-db9a-463f-b222-cb46bb0a43f8,,false,false,mint,en,AUD,
Riders of Rohan,binder,Sunset Revelry,LTC,Tales of Middle-earth Commander,177,normal,uncommon,1,,a9601594-1efb-4cf7-ad94-76fe6ebfe8ad,,false,false,mint,en,AUD,
Riders of Rohan,binder,Supreme Verdict,LTC,Tales of Middle-earth Commander,272,normal,rare,1,,a1cc1333-7eb3-48c4-99e7-0c138f2e088e,,false,false,mint,en,AUD,
Riders of Rohan,binder,Swords to Plowshares,LTC,Tales of Middle-earth Commander,178,normal,uncommon,1,,c6563536-2751-4b09-8e28-23438eb32533,,false,false,mint,en,AUD,
Riders of Rohan,binder,Talisman of Conviction,LTC,Tales of Middle-earth Commander,285,normal,uncommon,1,,c542cc26-f61a-416b-866e-8c500ff24783,,false,false,mint,en,AUD,
Riders of Rohan,binder,Talisman of Progress,LTC,Tales of Middle-earth Commander,286,normal,uncommon,1,,4c060c49-7bee-4f66-b053-df7db7cefaa7,,false,false,mint,en,AUD,
Riders of Rohan,binder,Taunt from the Rampart,LTC,Tales of Middle-earth Commander,71,normal,rare,1,,dd1eaa0e-060d-40f1-84c5-f7e8df2f824c,,false,false,mint,en,AUD,
Riders of Rohan,binder,Terramorphic Expanse,LTC,Tales of Middle-earth Commander,337,normal,common,1,,84a12498-9c44-4178-a8fc-54d20014ba7a,,false,false,mint,en,AUD,
Riders of Rohan,binder,"Théoden, King of Rohan",LTR,The Lord of the Rings: Tales of Middle-earth,233,normal,uncommon,1,83654,f6dcd1ca-4943-46e4-bb5d-c14949e21e23,0.24,false,false,mint,en,AUD,2026-06-19T05:29:51.642Z
Riders of Rohan,binder,Thought Vessel,LTC,Tales of Middle-earth Commander,287,normal,common,1,,62d4f5fe-d83d-4508-819b-57784ea44fa4,,false,false,mint,en,AUD,
Riders of Rohan,binder,Throne of the High City,LTC,Tales of Middle-earth Commander,339,normal,rare,1,,bf43967f-756c-4e01-9fdc-7d4abdf4e9dd,,false,false,mint,en,AUD,
Riders of Rohan,binder,Tranquil Cove,LTC,Tales of Middle-earth Commander,340,normal,common,1,,dff36b80-84e8-439d-bd42-5f4b31dae17a,,false,false,mint,en,AUD,
Riders of Rohan,binder,Unbreakable Formation,LTC,Tales of Middle-earth Commander,179,normal,rare,1,,d5da52b2-cc09-49ac-8091-737f23a77165,,false,false,mint,en,AUD,
Riders of Rohan,binder,Vanquisher's Banner,LTC,Tales of Middle-earth Commander,289,normal,rare,1,,e715f4e0-6ef4-40da-bc6c-84709e910cad,,false,false,mint,en,AUD,
Riders of Rohan,binder,Verge Rangers,LTC,Tales of Middle-earth Commander,180,normal,rare,1,,8f00f2a0-33a6-475b-9f50-2c4e26efadd8,,false,false,mint,en,AUD,
Riders of Rohan,binder,Village Bell-Ringer,LTC,Tales of Middle-earth Commander,181,normal,common,1,,e62563c6-a7cd-40a9-afb8-14e49d4edb4a,,false,false,mint,en,AUD,
Riders of Rohan,binder,Visions of Glory,LTC,Tales of Middle-earth Commander,182,normal,rare,1,,35b97bc8-f61d-4a3e-b6f0-361962fc2152,,false,false,mint,en,AUD,
Riders of Rohan,binder,Wayfarer's Bauble,LTC,Tales of Middle-earth Commander,290,normal,common,1,,7219d07d-56b3-4522-9552-7f290f2c2176,,false,false,mint,en,AUD,
Riders of Rohan,binder,Weathered Wayfarer,LTC,Tales of Middle-earth Commander,183,normal,rare,1,,72277d98-f443-4a27-9804-f391b1fa71d7,,false,false,mint,en,AUD,
Riders of Rohan,binder,Wind-Scarred Crag,LTC,Tales of Middle-earth Commander,344,normal,common,1,,b58b5cb6-828d-4d3c-a8d7-8947e87c4ff1,,false,false,mint,en,AUD,
Riders of Rohan,binder,Windbrisk Heights,LTC,Tales of Middle-earth Commander,345,normal,rare,1,,aed27090-0cb2-45cf-8db1-d4c8ada2543a,,false,false,mint,en,AUD,
Riders of Rohan,binder,Zealous Conscripts,LTC,Tales of Middle-earth Commander,231,normal,rare,1,,c1205f74-ffe3-401f-96ef-96f855b9ae67,,false,false,mint,en,AUD,
Elven Council,binder,"Galadriel, Elven-Queen",LTC,Tales of Middle-earth Commander,3,foil,mythic,1,,8fa46d54-563d-4b5c-9c69-5ab37dd529b3,,false,false,mint,en,AUD,
Elven Council,binder,Arbor Elf,LTC,Tales of Middle-earth Commander,232,normal,common,1,,8c61d23e-2be3-4b99-a24c-2a55e29d99d3,,false,false,mint,en,AUD,
Elven Council,binder,Arcane Signet,LTC,Tales of Middle-earth Commander,273,normal,common,1,,4e92354d-c203-41e1-822d-8263fadd9eb3,,false,false,mint,en,AUD,
Elven Council,binder,"Arwen, Weaver of Hope",LTC,Tales of Middle-earth Commander,35,normal,rare,1,,4d4f4d41-232d-4377-be69-de590b880edb,,false,false,mint,en,AUD,
Elven Council,binder,Asceticism,LTC,Tales of Middle-earth Commander,233,normal,rare,1,,bde335c5-0e87-43c9-bef6-423e4d1caf35,,false,false,mint,en,AUD,
Elven Council,binder,Ash Barrens,LTC,Tales of Middle-earth Commander,295,normal,uncommon,1,,d38dade6-1b83-4a7e-a424-f605a3d83de9,,false,false,mint,en,AUD,
Elven Council,binder,Beast Within,LTC,Tales of Middle-earth Commander,234,normal,uncommon,1,,2baf505b-ea99-470b-ac87-fd4fb8f5f322,,false,false,mint,en,AUD,
Elven Council,binder,Círdan the Shipwright,LTC,Tales of Middle-earth Commander,50,normal,rare,1,,c4f23d68-d0de-4b57-b0f9-9c0ca770c3c1,,false,false,mint,en,AUD,
Elven Council,binder,Colossal Whale,LTC,Tales of Middle-earth Commander,186,normal,rare,1,,c6740a66-6902-49fc-bb56-9d121abe7d7a,,false,false,mint,en,AUD,
Elven Council,binder,Command Tower,LTC,Tales of Middle-earth Commander,301,normal,common,1,,5306a95e-fb18-463d-81a9-3c3b8121fc94,,false,false,mint,en,AUD,
Elven Council,binder,Commander's Sphere,LTC,Tales of Middle-earth Commander,276,normal,common,1,,6620b4a3-fa33-4bd7-9180-314919d8ea2a,,false,false,mint,en,AUD,
Elven Council,binder,Cultivate,LTC,Tales of Middle-earth Commander,236,normal,common,1,,3217b813-7c21-473c-b65b-5766b0dc7803,,false,false,mint,en,AUD,
Elven Council,binder,Devastation Tide,LTC,Tales of Middle-earth Commander,189,normal,rare,1,,c95bc785-6d4a-4157-9a29-270f88db0028,,false,false,mint,en,AUD,
Elven Council,binder,Elrond of the White Council,LTC,Tales of Middle-earth Commander,51,normal,rare,1,,4cdfb792-fe55-4aa0-88df-4296db794bc5,,false,false,mint,en,AUD,
Elven Council,binder,Elvish Archdruid,LTC,Tales of Middle-earth Commander,237,normal,rare,1,,34866dd8-661f-40c1-8eb1-b9445ec626ec,,false,false,mint,en,AUD,
Elven Council,binder,Elvish Mystic,LTC,Tales of Middle-earth Commander,238,normal,common,1,,880468be-3f4d-4dbf-92e7-cf212da7f718,,false,false,mint,en,AUD,
Elven Council,binder,Elvish Piper,LTC,Tales of Middle-earth Commander,239,normal,rare,1,,94cb4d52-0042-494d-8025-59c1eb0f90e0,,false,false,mint,en,AUD,
Elven Council,binder,Elvish Visionary,LTC,Tales of Middle-earth Commander,240,normal,common,1,,b83c5d22-914b-430a-948f-f076b14c5cff,,false,false,mint,en,AUD,
Elven Council,binder,Elvish Warmaster,LTC,Tales of Middle-earth Commander,241,normal,rare,1,,551a3557-3d91-4198-afd2-d4d7a3dbe153,,false,false,mint,en,AUD,
Elven Council,binder,Erestor of the Council,LTC,Tales of Middle-earth Commander,53,normal,rare,1,,de17d520-cb32-4fb1-830b-8494ea118e9b,,false,false,mint,en,AUD,
Elven Council,binder,Exotic Orchard,LTC,Tales of Middle-earth Commander,307,normal,rare,1,,a3120b65-f021-467e-bd9f-27329134a743,,false,false,mint,en,AUD,
Elven Council,binder,Farhaven Elf,LTC,Tales of Middle-earth Commander,243,normal,common,1,,c187b12a-391b-41fb-9728-053909f69f66,,false,false,mint,en,AUD,
Elven Council,binder,Field of Ruin,LTC,Tales of Middle-earth Commander,308,normal,uncommon,1,,8d9d6a9d-18a3-4cc8-8276-29fb826ed1fa,,false,false,mint,en,AUD,
Elven Council,binder,Flooded Grove,LTC,Tales of Middle-earth Commander,309,normal,rare,1,,f10457be-4f02-48c0-bec7-93687c8763ea,,false,false,mint,en,AUD,
Elven Council,binder,Forest,LTR,The Lord of the Rings: Tales of Middle-earth,270,normal,common,8,,cbe793e4-c034-4a22-929d-d743c0255bf1,,false,false,mint,en,AUD,
Elven Council,binder,Galadhrim Ambush,LTC,Tales of Middle-earth Commander,38,normal,rare,1,,e69e06f0-6142-4f80-9208-362b3e74d51d,,false,false,mint,en,AUD,
Elven Council,binder,"Gandalf, Westward Voyager",LTC,Tales of Middle-earth Commander,6,foil,mythic,1,,56910251-6339-4f8b-b863-29caab4965d8,,false,false,mint,en,AUD,
Elven Council,binder,Genesis Wave,LTC,Tales of Middle-earth Commander,245,normal,rare,1,,546c3b8d-6218-4786-bf16-22c6d3718361,,false,false,mint,en,AUD,
Elven Council,binder,Growth Spiral,LTC,Tales of Middle-earth Commander,267,normal,common,1,,f7b59b66-677d-4fd8-b7d7-5135d6622eb9,,false,false,mint,en,AUD,
Elven Council,binder,"Haldir, Lórien Lieutenant",LTC,Tales of Middle-earth Commander,39,normal,rare,1,,440e5796-9264-4649-bf2f-58826dd0352c,,false,false,mint,en,AUD,
Elven Council,binder,Heroic Intervention,LTC,Tales of Middle-earth Commander,249,normal,rare,1,,4377b09d-08e8-4150-bb84-4a9c00c7af82,,false,false,mint,en,AUD,
Elven Council,binder,Hinterland Harbor,LTC,Tales of Middle-earth Commander,317,normal,rare,1,,35753c7f-e6d0-4335-a87e-3d3e5abb059b,,false,false,mint,en,AUD,
Elven Council,binder,Hornet Queen,LTC,Tales of Middle-earth Commander,250,normal,rare,1,,a247694f-7b23-489b-b524-898625d000e2,,false,false,mint,en,AUD,
Elven Council,binder,Inscription of Abundance,LTC,Tales of Middle-earth Commander,251,normal,rare,1,,94b8203a-cd49-4542-a5fa-c0c2f627b309,,false,false,mint,en,AUD,
Elven Council,binder,Island,LTR,The Lord of the Rings: Tales of Middle-earth,264,normal,common,6,,bbeca27a-6c5b-40b9-83a4-a3a2096ff6f8,,false,false,mint,en,AUD,
Elven Council,binder,Island,LTR,The Lord of the Rings: Tales of Middle-earth,265,normal,common,5,,671516eb-b088-4a15-aec9-1781ca016e11,,false,false,mint,en,AUD,
Elven Council,binder,Learn from the Past,LTC,Tales of Middle-earth Commander,192,normal,uncommon,1,,b2462239-1060-46b1-ad20-caf979d73030,,false,false,mint,en,AUD,
Elven Council,binder,Legolas Greenleaf,LTC,Tales of Middle-earth Commander,40,normal,rare,1,,130237e7-6f45-4b92-b49d-12f10db29bb8,,false,false,mint,en,AUD,
Elven Council,binder,Lightning Greaves,LTC,Tales of Middle-earth Commander,281,normal,uncommon,1,,3008696b-f89c-40e3-a437-22c95ef337fb,,false,false,mint,en,AUD,
Elven Council,binder,Lignify,LTC,Tales of Middle-earth Commander,252,normal,common,1,,dc738689-2ed8-45e1-bdd4-c9d8450e2589,,false,false,mint,en,AUD,
Elven Council,binder,Lonely Sandbar,LTC,Tales of Middle-earth Commander,319,normal,uncommon,1,,932ab27a-37bc-4d67-af16-619c500517b1,,false,false,mint,en,AUD,
Elven Council,binder,Lórien Revealed,LTR,The Lord of the Rings: Tales of Middle-earth,60,normal,common,1,,0ce44270-a684-4489-9077-521456e6dfaa,,false,false,mint,en,AUD,
Elven Council,binder,Lothlórien Blade,LTC,Tales of Middle-earth Commander,77,normal,rare,1,,3f7f1d3b-d6bb-4ddb-81d8-12f7aaaec49e,,false,false,mint,en,AUD,
Elven Council,binder,Mirkwood Elk,LTC,Tales of Middle-earth Commander,41,normal,rare,1,,1cf84c03-a131-451b-99ee-64330c1f2e26,,false,false,mint,en,AUD,
Elven Council,binder,Mirkwood Trapper,LTC,Tales of Middle-earth Commander,62,normal,rare,1,,ca079e59-4433-49c7-9001-abac20b776e4,,false,false,mint,en,AUD,
Elven Council,binder,Model of Unity,LTC,Tales of Middle-earth Commander,78,normal,rare,1,,0d804d47-1f7b-47bd-9eac-aa539eda9af7,,false,false,mint,en,AUD,
Elven Council,binder,Mystic Confluence,LTC,Tales of Middle-earth Commander,193,normal,rare,1,,9ba59aaf-d2f8-4f26-a58b-5245d686714d,,false,false,mint,en,AUD,
Elven Council,binder,Opt,LTC,Tales of Middle-earth Commander,194,normal,common,1,,50ee44a3-09b5-491a-ba51-609756020a31,,false,false,mint,en,AUD,
Elven Council,binder,Overwhelming Stampede,LTC,Tales of Middle-earth Commander,254,normal,rare,1,,8b7d65b9-5f66-4cf7-b3ef-c47e7c6a131b,,false,false,mint,en,AUD,
Elven Council,binder,Paradise Druid,LTC,Tales of Middle-earth Commander,255,normal,uncommon,1,,b58370c4-2f18-4701-969f-2f6eed337085,,false,false,mint,en,AUD,
Elven Council,binder,Plea for Power,LTC,Tales of Middle-earth Commander,195,normal,rare,1,,7be27ad5-8a7c-42fc-b62b-2586f39255f5,,false,false,mint,en,AUD,
Elven Council,binder,Preordain,LTC,Tales of Middle-earth Commander,196,normal,common,1,,6e681c39-aa00-4c6d-b077-affe3b90bed8,,false,false,mint,en,AUD,
Elven Council,binder,"Radagast, Wizard of Wilds",LTC,Tales of Middle-earth Commander,66,normal,rare,1,,9573ee62-4fdf-4fca-90e2-10a7d8161764,,false,false,mint,en,AUD,
Elven Council,binder,Raise the Palisade,LTC,Tales of Middle-earth Commander,23,normal,rare,1,,7966eb7a-0ef7-470f-9769-0d5f45f0395b,,false,false,mint,en,AUD,
Elven Council,binder,Rampant Growth,LTC,Tales of Middle-earth Commander,257,normal,common,1,,ddf4a6bc-8582-4e01-8d50-d3b4eb0c7cf2,,false,false,mint,en,AUD,
Elven Council,binder,Realm Seekers,LTC,Tales of Middle-earth Commander,258,normal,rare,1,,a4c0f889-adcb-4947-830f-7fc6899575d4,,false,false,mint,en,AUD,
Elven Council,binder,Reclamation Sage,LTC,Tales of Middle-earth Commander,259,normal,uncommon,1,,3a873762-2fff-4eb3-bf77-da52a1652c2a,,false,false,mint,en,AUD,
Elven Council,binder,Rejuvenating Springs,LTC,Tales of Middle-earth Commander,325,normal,rare,1,,c68876b6-5a30-4dea-af0a-53d30e6f8029,,false,false,mint,en,AUD,
Elven Council,binder,Sail into the West,LTC,Tales of Middle-earth Commander,68,normal,rare,1,,b293d4cb-0920-46ef-bf4e-fc6a796df290,,false,false,mint,en,AUD,
Elven Council,binder,Seeds of Renewal,LTC,Tales of Middle-earth Commander,260,normal,rare,1,,18bb0434-b49e-4626-bad6-06b2caef4d5d,,false,false,mint,en,AUD,
Elven Council,binder,Sol Ring,LTC,Tales of Middle-earth Commander,284,normal,uncommon,1,,5805f64c-dd88-4e94-8f0a-a01dae67e3ba,,false,false,mint,en,AUD,
Elven Council,binder,Song of Eärendil,LTC,Tales of Middle-earth Commander,69,normal,rare,1,,325bb6b7-6d19-48b5-82dd-2759d4fc3144,,false,false,mint,en,AUD,
Elven Council,binder,Swan Song,LTC,Tales of Middle-earth Commander,197,normal,rare,1,,67c5aa41-9c40-4bd3-8e74-29f216b9bc77,,false,false,mint,en,AUD,
Elven Council,binder,Sylvan Offering,LTC,Tales of Middle-earth Commander,261,normal,rare,1,,96320770-e879-4c29-ab93-03b6ff191464,,false,false,mint,en,AUD,
Elven Council,binder,Thornwood Falls,LTC,Tales of Middle-earth Commander,338,normal,common,1,,33e0f5c9-6f89-4b2e-8934-057009b33e90,,false,false,mint,en,AUD,
Elven Council,binder,Tranquil Thicket,LTC,Tales of Middle-earth Commander,341,normal,uncommon,1,,c5988fba-e870-4eb7-8469-01dff0c93d3f,,false,false,mint,en,AUD,
Elven Council,binder,Trap the Trespassers,LTC,Tales of Middle-earth Commander,25,normal,rare,1,,a077a046-300b-41d2-b891-c57ebe983ba2,,false,false,mint,en,AUD,
Elven Council,binder,Travel Through Caradhras,LTC,Tales of Middle-earth Commander,44,normal,rare,1,,955058b2-9758-4797-8ffc-c5fbee619309,,false,false,mint,en,AUD,
Elven Council,binder,Vineglimmer Snarl,LTC,Tales of Middle-earth Commander,343,normal,rare,1,,e5a26fb5-f230-4b66-b3f9-02e883d41670,,false,false,mint,en,AUD,
Elven Council,binder,Whispersilk Cloak,LTC,Tales of Middle-earth Commander,292,normal,uncommon,1,,92b5bbfe-2e61-417b-9a75-fc39de57098c,,false,false,mint,en,AUD,
Elven Council,binder,Windswift Slice,LTC,Tales of Middle-earth Commander,45,normal,rare,1,,f8097193-1d32-4235-afd4-f6839602e4fb,,false,false,mint,en,AUD,
Elven Council,binder,Wood Elves,LTC,Tales of Middle-earth Commander,263,normal,common,1,,7e6efd6b-6815-4308-9cca-948dd43a0424,,false,false,mint,en,AUD,
Elven Council,binder,Woodland Stream,LTC,Tales of Middle-earth Commander,347,normal,common,1,,679c4e48-5046-41cc-8cca-8d7dd4019f7b,,false,false,mint,en,AUD,

