"Binder Name","Binder Type","Name","Set code","Set name","Collector number","Foil","Rarity","Quantity","ManaBox ID","Scryfall ID","Purchase price","Misprint","Altered","Condition","Language","Purchase price currency","Added"
"avatar","binder","Canyon Crawler","TLA","Avatar: The Last Airbender","90","normal","common","1","109668","30a30bfb-f0f3-425b-b37d-20079ee27046","0.21","false","false","near_mint","en","AUD","2026-06-01T09:31:15.843Z"
"avatar","binder","Kyoshi Warriors","TLA","Avatar: The Last Airbender","26","normal","common","1","109651","211045e1-85c7-4088-b830-a2afa0fe520b","0.14","false","false","near_mint","en","AUD","2026-06-01T09:31:15.842Z"
"avatar","binder","Giant Koi","TLA","Avatar: The Last Airbender","53","normal","common","1","108186","3938ec1f-979c-48e5-bb13-bebace006a8f","0.18","false","false","near_mint","en","AUD","2026-06-01T09:31:15.841Z"
"avatar","binder","Rough Rhino Cavalry","TLA","Avatar: The Last Airbender","152","normal","common","1","108259","a8bc29cf-f6f8-4bb8-b722-f016b58b6d2d","0.14","false","false","near_mint","en","AUD","2026-06-01T09:31:15.840Z"
"avatar","binder","Earthbending Lesson","TLA","Avatar: The Last Airbender","176","normal","common","1","108142","eccd63b3-3a3a-4661-9d6e-fb8152429bdb","0.18","false","false","near_mint","en","AUD","2026-06-01T09:31:15.839Z"
"avatar","binder","Kyoshi Battle Fan","TLA","Avatar: The Last Airbender","257","normal","common","1","109659","257e6862-96fe-4312-aff2-509d0696843a","0.19","false","false","near_mint","en","AUD","2026-06-01T09:31:15.838Z"
"avatar","binder","First-Time Flyer","TLA","Avatar: The Last Airbender","49","normal","common","2","108296","ea22d29d-3a62-4ae2-91d5-21a678be9b48","0.06","false","false","near_mint","en","AUD","2026-06-01T09:31:15.837Z"
"avatar","binder","Knowledge Seeker","TLA","Avatar: The Last Airbender","60","normal","uncommon","1","109738","8554e862-f78a-42f5-b876-076aac6c9504","0.24","false","false","near_mint","en","AUD","2026-06-01T09:31:15.836Z"
"avatar","binder","Master Piandao","TLA","Avatar: The Last Airbender","28","normal","uncommon","1","108191","3e4a042c-f2a6-45e7-9444-acd1ca838b87","0.26","false","false","near_mint","en","AUD","2026-06-01T09:31:15.835Z"
"avatar","binder","Heartless Act","TLA","Avatar: The Last Airbender","103","normal","uncommon","1","108268","b57c57a8-d72b-4c6c-a2db-a7ef61190f42","0.38","false","false","near_mint","en","AUD","2026-06-01T09:31:15.834Z"
"avatar","binder","Release to Memory","TLE","Avatar: The Last Airbender Eternal","5","normal","mythic","1","109347","3d609e89-cbb0-4715-bfcc-d4cbf1c303f9","0.97","false","false","near_mint","en","AUD","2026-06-01T09:31:15.833Z"
"avatar","binder","Avatar's Wrath","TLA","Avatar: The Last Airbender","12","normal","rare","1","109423","4811072d-fac0-40dd-a5cf-9694d51b12cf","6.27","false","false","near_mint","en","AUD","2026-06-01T09:31:15.832Z"
"avatar","binder","Earth Rumble Wrestlers","TLA","Avatar: The Last Airbender","218","normal","common","1","109466","74fca0b8-12e1-405f-b999-160d65fe0ade","0.11","false","false","near_mint","en","AUD","2026-06-01T09:31:15.831Z"
"avatar","binder","Misty Palms Oasis","TLA","Avatar: The Last Airbender","273","normal","common","1","109473","7cc29ddb-8f44-4493-985d-2fac35f9f34d","0.31","false","false","near_mint","en","AUD","2026-06-01T09:31:15.830Z"
"avatar","binder","Curious Farm Animals","TLA","Avatar: The Last Airbender","14","normal","common","1","109654","2402d759-84b6-41d2-ad78-9333974e9222","0.26","false","false","near_mint","en","AUD","2026-06-01T09:31:15.829Z"
"avatar","binder","Glider Kids","TLA","Avatar: The Last Airbender","21","normal","common","1","108154","0613afb5-4cee-4132-8adf-404767ed8d07","0.13","false","false","near_mint","en","AUD","2026-06-01T09:31:15.828Z"
"avatar","binder","Iguana Parrot","TLA","Avatar: The Last Airbender","56","normal","common","1","108235","7faa3e3d-c08a-4908-85ef-1370d3f90815","0.17","false","false","near_mint","en","AUD","2026-06-01T09:31:15.827Z"
"avatar","binder","Fire Nation Raider","TLA","Avatar: The Last Airbender","135","normal","common","1","109827","ede1bbdb-c726-46e3-aaf1-b8cf2be2c341","0.11","false","false","near_mint","en","AUD","2026-06-01T09:31:15.826Z"
"avatar","binder","Allies at Last","TLA","Avatar: The Last Airbender","164","normal","uncommon","1","109381","11a77897-2aba-4a9b-bbe6-1768ca9f12cb","0.22","false","false","near_mint","en","AUD","2026-06-01T09:31:15.825Z"
"avatar","binder","Saber-Tooth Moose-Lion","TLA","Avatar: The Last Airbender","194","normal","common","1","108266","b15f302d-c451-4e79-a5af-75ee3ba4cadf","0.13","false","false","near_mint","en","AUD","2026-06-01T09:31:15.824Z"
"avatar","binder","Vindictive Warden","TLA","Avatar: The Last Airbender","249","normal","common","1","108159","0f34de05-39a9-425f-a3b4-3a9d46c917ac","0.11","false","false","near_mint","en","AUD","2026-06-01T09:31:15.823Z"
"avatar","binder","Swampsnare Trap","TLA","Avatar: The Last Airbender","120","normal","common","1","109709","6348b6bf-08a7-45f0-8b2d-2827ab89f21c","0.1","false","false","near_mint","en","AUD","2026-06-01T09:31:15.822Z"
"avatar","binder","Boiling Rock Rioter","TLA","Avatar: The Last Airbender","87","normal","rare","1","109464","739653cc-35c8-4a66-95d8-3e80fa6114f0","0.32","false","false","near_mint","en","AUD","2026-06-01T09:31:15.821Z"
"avatar","binder","Toph, Hardheaded Teacher","TLA","Avatar: The Last Airbender","246","normal","rare","1","109816","e3ba3395-39db-4330-9801-53def924f253","1.96","false","false","near_mint","en","AUD","2026-06-01T09:31:15.820Z"
"avatar","binder","Kyoshi Village","TLA","Avatar: The Last Airbender","271","normal","common","1","109487","8d5f3008-2af8-4e81-8847-1c91f524e747","0.33","false","false","near_mint","en","AUD","2026-06-01T09:31:15.819Z"
"avatar","binder","Team Avatar","TLA","Avatar: The Last Airbender","38","normal","uncommon","1","109768","a9a5f6f7-f04d-477f-b67f-fd01a5dcc0f5","0.19","false","false","near_mint","en","AUD","2026-06-01T09:31:15.818Z"
"avatar","binder","Meteor Sword","TLA","Avatar: The Last Airbender","258","normal","uncommon","1","109712","68b1c746-a4b8-4a45-9f0e-3962f0ae40e3","0.42","false","false","near_mint","en","AUD","2026-06-01T09:31:15.817Z"
"avatar","binder","Epic Downfall","TLA","Avatar: The Last Airbender","96","normal","uncommon","1","108189","3b4a6804-04f5-4467-bb1c-9466a47bc55f","0.33","false","false","near_mint","en","AUD","2026-06-01T09:31:15.816Z"
"avatar","binder","Water Tribe Rallier","TLA","Avatar: The Last Airbender","42","normal","uncommon","1","109430","4e744b6c-1c2f-451a-818a-5ee7785b5213","0.24","false","false","near_mint","en","AUD","2026-07-20T13:01:42.397Z"
"avatar","binder","Invasion Submersible","TLA","Avatar: The Last Airbender","57","normal","uncommon","1","109516","af5299f5-1633-4c07-ade5-fd47e29ea4aa","0.32","false","false","near_mint","en","AUD","2026-07-20T13:01:42.396Z"
"avatar","binder","Hei Bai, Spirit of Balance","TLA","Avatar: The Last Airbender","225","normal","uncommon","1","108153","060d24e0-1567-41f1-ae8c-2d3b1834df3c","0.24","false","false","near_mint","en","AUD","2026-07-20T13:01:42.395Z"
"avatar","binder","Giant Fly","TLE","Avatar: The Last Airbender Eternal","107","normal","common","1","109711","686e3587-6f0a-4648-99e0-3dae9cdda3de","0.26","false","false","near_mint","en","AUD","2026-07-20T13:01:42.394Z"
"avatar","binder","Many Partings","TLE","Avatar: The Last Airbender Eternal","169","normal","common","1","109664","29267b6b-e0d9-4514-8932-16bf8e6db3bb","0.42","false","false","near_mint","en","AUD","2026-07-20T13:01:42.393Z"
"avatar","binder","Longshot, Rebel Bowman","TLE","Avatar: The Last Airbender Eternal","120","normal","uncommon","1","109777","b36efbe2-3798-43e5-8640-f003c77440a1","11.17","false","false","near_mint","en","AUD","2026-07-20T13:01:42.392Z"
"avatar","binder","Ally","TTLA","Avatar: The Last Airbender Tokens","8","normal","common","1","109928","01439983-8394-4a0c-9e9e-92a3f1927fe3","","false","false","near_mint","en","AUD","2026-07-20T13:01:42.391Z"
"avatar","binder","Master's Guidance","TLE","Avatar: The Last Airbender Eternal","141","normal","rare","1","109749","98319aec-f95b-4343-beb9-7804551369f3","0.3","false","false","near_mint","en","AUD","2026-07-20T13:01:42.390Z"
"avatar","binder","Iroh, Tea Master","TLA","Avatar: The Last Airbender","228","normal","rare","1","109546","d1f5e10d-0a89-4129-9717-a921f20d3616","0.39","false","false","near_mint","en","AUD","2026-07-20T13:01:42.389Z"
"avatar","binder","Treetop Village","TLE","Avatar: The Last Airbender Eternal","60","normal","mythic","1","109788","bf5bc68e-8416-431d-8a5a-f9ebca24721a","0.97","false","false","near_mint","en","AUD","2026-07-20T13:01:42.388Z"
"avatar","binder","Sandbender Scavengers","TLA","Avatar: The Last Airbender","239","normal","rare","1","109922","9bfe0f7c-6dac-41d4-a013-109445158a5e","0.27","false","false","near_mint","en","AUD","2026-07-20T13:01:42.387Z"
"avatar","binder","Beetle-Headed Merchants","TLA","Avatar: The Last Airbender","86","normal","common","1","108273","c2eed79f-38c1-4aac-9525-d54cb114f17f","0.11","false","false","near_mint","en","AUD","2026-07-20T13:01:42.386Z"
"avatar","binder","Rocky Rebuke","TLA","Avatar: The Last Airbender","193","normal","common","1","108211","52fd910f-6d42-41f5-a4be-f375aa254ea2","0.26","false","false","near_mint","en","AUD","2026-07-20T13:01:42.385Z"
"avatar","binder","Ty Lee, Chi Blocker","TLA","Avatar: The Last Airbender","76","foil","rare","1","109409","308cc687-9cb2-4e3a-98db-c5ba2a7da115","0.76","false","false","near_mint","en","AUD","2026-07-20T13:01:59.899Z"
"lotr","binder","Gimli, Mournful Avenger","LTR","The Lord of the Rings: Tales of Middle-earth","323","normal","rare","1","83192","72778dc1-0d93-4ba8-a194-51df78d4beba","0.49","false","false","near_mint","en","AUD","2026-06-01T09:31:15.799Z"
"lotr","binder","Shire Shirriff","LTR","The Lord of the Rings: Tales of Middle-earth","441","normal","uncommon","2","82861","11b50fec-28e0-4eaf-9184-73cc7234577f","0.26","false","false","near_mint","en","AUD","2026-06-01T09:31:15.798Z"
"lotr","binder","Mountain","LTR","The Lord of the Rings: Tales of Middle-earth","269","normal","common","1","83390","adf13285-d127-4534-9f49-aa86914da175","3.01","false","false","near_mint","en","AUD","2026-06-01T09:31:15.797Z"
"lotr","binder","Swamp","LTR","The Lord of the Rings: Tales of Middle-earth","267","normal","common","1","83548","d86cd8fb-4ba7-4311-b0f3-b06fa112eda5","0.28","false","false","near_mint","en","AUD","2026-06-01T09:31:15.796Z"
"lotr","binder","The World Tree","KHM","Kaldheim","275","normal","rare","1","57026","a70cb6d9-3955-4064-917b-11dec26440c5","10.46","false","false","near_mint","en","AUD","2026-06-05T11:25:21.964Z"
"lotr","binder","March from the Black Gate","LTR","The Lord of the Rings: Tales of Middle-earth","94","normal","uncommon","2","82810","e57815d4-b21f-4ceb-a3f1-73cff5f0e612","0.36","false","false","near_mint","en","AUD","2026-06-05T11:25:21.963Z"
"lotr","binder","Saruman of Many Colors","LTR","The Lord of the Rings: Tales of Middle-earth","223","normal","mythic","2","83279","8cfcc7ec-87a2-4712-8d82-217bd8600891","1.45","false","false","near_mint","en","AUD","2026-06-05T11:25:21.962Z"
"lotr","binder","Gandalf the Grey","LTR","The Lord of the Rings: Tales of Middle-earth","322","normal","rare","1","83525","d0ff7dea-1ed2-4987-b42a-6d1d8c493f5a","0.69","false","false","near_mint","en","AUD","2026-06-05T11:25:21.961Z"
"lotr","binder","Dunland Crebain","LTR","The Lord of the Rings: Tales of Middle-earth","411","normal","common","1","83634","f1b90963-2a4c-4e0a-9d00-5d3df258c880","0.29","false","false","near_mint","en","AUD","2026-06-05T11:25:21.959Z"
"lotr","binder","Gollum's Bite","LTR","The Lord of the Rings: Tales of Middle-earth","85","normal","uncommon","2","82900","1b1e790e-ff82-4888-8aee-9986c646241a","0.25","false","false","near_mint","en","AUD","2026-06-05T11:25:21.958Z"
"lotr","binder","Gandalf's Sanction","LTR","The Lord of the Rings: Tales of Middle-earth","208","normal","uncommon","1","83286","8ebf2a25-9bee-4146-af83-f22aab6db2a8","0.34","false","false","near_mint","en","AUD","2026-06-05T11:25:21.957Z"
"lotr","binder","Easterling Vanguard","LTR","The Lord of the Rings: Tales of Middle-earth","83","normal","common","1","83607","e860dd40-07c5-47c3-92a8-1ee95a953c2f","0.15","false","false","near_mint","en","AUD","2026-06-05T11:25:21.956Z"
"lotr","binder","Haradrim Spearmaster","LTR","The Lord of the Rings: Tales of Middle-earth","135","normal","common","1","83118","6050cf98-cdce-4825-9ab8-2294a2b63faf","0.11","false","false","near_mint","en","AUD","2026-06-05T11:25:21.955Z"
"lotr","binder","Rohirrim Lancer","LTR","The Lord of the Rings: Tales of Middle-earth","146","normal","common","2","82963","2f506f9f-4c0d-44e8-9f81-8403d808d0e4","0.18","false","false","near_mint","en","AUD","2026-06-05T11:25:21.954Z"
"lotr","binder","Grey Havens Navigator","LTR","The Lord of the Rings: Tales of Middle-earth","53","normal","common","1","83068","4dd89994-bdff-47ca-a65d-10afcc7e773e","0.14","false","false","near_mint","en","AUD","2026-06-05T11:25:21.953Z"
"lotr","binder","Plains","LTR","The Lord of the Rings: Tales of Middle-earth","272","normal","common","1","83073","4ff9fbf5-de6f-4ef9-a6ab-56da4b341b77","0.63","false","false","near_mint","en","AUD","2026-06-05T11:25:21.952Z"
"lotr","binder","Treason of Isengard","LTR","The Lord of the Rings: Tales of Middle-earth","74","normal","common","2","83188","71f97505-c961-4890-acd0-32a63919ac2a","0.28","false","false","near_mint","en","AUD","2026-06-05T11:25:21.951Z"
"lotr","binder","Sharkey, Tyrant of the Shire","LTR","The Lord of the Rings: Tales of Middle-earth","229","normal","rare","1","83584","e0e446bd-8295-4fca-957a-e4710a15d8e8","0.36","false","false","near_mint","en","AUD","2026-06-05T11:25:21.950Z"
"lotr","binder","Éowyn, Shieldmaiden","LTC","Tales of Middle-earth Commander","1","normal","mythic","1","83570","dd4a00ff-2206-4e12-a0ab-61ed82c9e6c5","0.49","false","false","near_mint","en","AUD","2026-06-05T11:25:21.949Z"
"lotr","binder","Gollum, Patient Plotter","LTR","The Lord of the Rings: Tales of Middle-earth","309","normal","uncommon","1","83375","a881aa61-fc7c-4ffb-a129-f75be8b2e498","0.35","false","false","near_mint","en","AUD","2026-06-05T11:25:21.948Z"
"lotr","binder","Elrond, Lord of Rivendell","LTR","The Lord of the Rings: Tales of Middle-earth","49","normal","uncommon","4","83369","a62a5e55-fa1b-4c70-9293-740dd513d52e","0.34","false","false","near_mint","en","AUD","2026-06-05T11:25:21.947Z"
"lotr","binder","Horses of the Bruinen","LTR","The Lord of the Rings: Tales of Middle-earth","55","normal","uncommon","4","83659","f7725dc2-2654-4ffb-b6b3-510ae64ec6af","0.25","false","false","near_mint","en","AUD","2026-06-05T11:25:21.946Z"
"lotr","binder","Ent-Draught Basin","LTR","The Lord of the Rings: Tales of Middle-earth","238","normal","uncommon","5","82875","1500126f-fbe4-4c39-bb06-1a36e2c4682f","0.25","false","false","near_mint","en","AUD","2026-06-05T11:25:21.945Z"
"lotr","binder","Wizard's Rockets","LTR","The Lord of the Rings: Tales of Middle-earth","252","normal","common","2","82906","1c6ed742-dfb1-41e2-8f19-184555109e34","0.21","false","false","near_mint","en","AUD","2026-06-05T11:25:21.944Z"
"lotr","binder","Ent's Fury","LTR","The Lord of the Rings: Tales of Middle-earth","164","normal","common","2","83494","c7946af6-69ab-47a1-955c-1954a04752df","0.21","false","false","near_mint","en","AUD","2026-06-05T11:25:21.943Z"
"lotr","binder","Great Hall of the Citadel","LTR","The Lord of the Rings: Tales of Middle-earth","254","normal","common","2","82923","219c7b57-b62b-42d1-85d9-4b57624a3f54","0.52","false","false","near_mint","en","AUD","2026-06-05T11:25:21.942Z"
"lotr","binder","Forest","LTR","The Lord of the Rings: Tales of Middle-earth","280","normal","common","1","82964","2f5b488e-d725-4ef7-90f4-71091325c0b6","0.62","false","false","near_mint","en","AUD","2026-06-05T11:25:21.941Z"
"lotr","binder","Generous Ent","LTR","The Lord of the Rings: Tales of Middle-earth","169","normal","common","2","83258","85d22d5d-3875-42ff-b51e-c6e21db201f5","4.14","false","false","near_mint","en","AUD","2026-06-05T11:25:21.940Z"
"lotr","binder","Swamp","LTR","The Lord of the Rings: Tales of Middle-earth","277","normal","common","1","83535","d412d727-4fe8-4c21-a2cb-609395935dd8","1.29","false","false","near_mint","en","AUD","2026-06-05T11:42:22.596Z"
"lotr","binder","Deceive the Messenger","LTR","The Lord of the Rings: Tales of Middle-earth","47","normal","common","2","83406","b2984bc6-7c12-46e4-8dd3-b23e29a7a7ec","0.17","false","false","near_mint","en","AUD","2026-06-05T11:42:22.595Z"
"lotr","binder","Dunland Crebain","LTR","The Lord of the Rings: Tales of Middle-earth","82","normal","common","3","83160","695c05ab-e46e-46c7-bd2e-ef0b2307e449","0.29","false","false","near_mint","en","AUD","2026-06-05T11:42:22.594Z"
"lotr","binder","Ithilien Kingfisher","LTR","The Lord of the Rings: Tales of Middle-earth","58","normal","common","2","83158","68c29762-6859-4564-9e1d-a87fa63b951a","0.15","false","false","near_mint","en","AUD","2026-06-05T11:42:22.593Z"
"lotr","binder","Gimli's Fury","LTR","The Lord of the Rings: Tales of Middle-earth","131","normal","common","2","83627","efde011d-8732-49b3-9204-8b114a3d81ba","0.23","false","false","near_mint","en","AUD","2026-06-05T11:42:22.592Z"
"lotr","binder","Nasty End","LTR","The Lord of the Rings: Tales of Middle-earth","416","normal","common","3","82993","37271b8b-3c58-43aa-b120-f0aa12fb3ad5","0.35","false","false","near_mint","en","AUD","2026-06-05T11:42:22.588Z"
"lotr","binder","Nazgûl","LTR","The Lord of the Rings: Tales of Middle-earth","334","normal","uncommon","1","83111","5e9c9901-c329-4a68-96ab-f33d7c12aefe","32.62","false","false","near_mint","en","AUD","2026-06-05T11:42:22.587Z"
"lotr","binder","Flowering of the White Tree","LTR","The Lord of the Rings: Tales of Middle-earth","15","normal","rare","1","82925","2203b2cd-48e5-471a-85fe-dc81012e5d61","13.04","false","false","near_mint","en","AUD","2026-06-05T11:42:22.586Z"
"lotr","binder","Forge Anew","LTR","The Lord of the Rings: Tales of Middle-earth","17","normal","rare","1","83088","56274b88-6e3f-4538-bb0c-eb5e52a58ef3","6.53","false","false","near_mint","en","AUD","2026-06-05T11:42:22.585Z"
"lotr","binder","Cirith Ungol Patrol","LTR","The Lord of the Rings: Tales of Middle-earth","80","normal","common","1","83215","7cd03837-37cc-4f6c-8e22-e3b0ff635462","0.24","false","false","near_mint","en","AUD","2026-06-13T11:06:04.632Z"
"lotr","binder","Gothmog, Morgul Lieutenant","LTR","The Lord of the Rings: Tales of Middle-earth","87","normal","uncommon","1","83353","a1c10e93-88eb-46b9-8adc-583661807990","0.34","false","false","near_mint","en","AUD","2026-06-13T11:06:04.630Z"
"lotr","binder","Mauhúr, Uruk-hai Captain","LTR","The Lord of the Rings: Tales of Middle-earth","214","normal","uncommon","1","83145","65e9a757-7ed4-4cc0-bb6f-a59fa69b32a5","0.31","false","false","near_mint","en","AUD","2026-06-13T11:06:04.629Z"
"lotr","binder","Bilbo, Retired Burglar","LTR","The Lord of the Rings: Tales of Middle-earth","196","normal","uncommon","2","83077","527df93e-cc2b-4216-909a-4ada1abcbfd3","0.25","false","false","near_mint","en","AUD","2026-06-13T11:06:04.628Z"
"lotr","binder","Barrow-Blade","LTR","The Lord of the Rings: Tales of Middle-earth","237","normal","uncommon","2","83629","f0eb7284-78a5-4b5e-8f6d-6be540e0bef8","0.4","false","false","near_mint","en","AUD","2026-06-13T11:06:04.627Z"
"lotr","binder","Nasty End","LTR","The Lord of the Rings: Tales of Middle-earth","99","normal","common","1","83477","c34f88d7-15a1-434f-88d7-3d4fcf406d54","0.21","false","false","near_mint","en","AUD","2026-06-13T11:06:04.626Z"
"lotr","binder","Foray of Orcs","LTR","The Lord of the Rings: Tales of Middle-earth","417","normal","uncommon","1","83626","ef083f43-4748-42e6-bc22-fc2570db5ca3","0.37","false","false","near_mint","en","AUD","2026-06-13T11:06:04.624Z"
"lotr","binder","Call of the Ring","LTR","The Lord of the Rings: Tales of Middle-earth","79","normal","rare","1","83376","a92a2c5a-e450-494a-b23b-7ac0a6c50535","7.19","false","false","near_mint","en","AUD","2026-06-13T11:06:04.623Z"
"lotr","binder","Galadhrim Guide","LTR","The Lord of the Rings: Tales of Middle-earth","168","normal","common","1","83642","f4603f59-f899-4caf-a874-bf234d2045fb","0.23","false","false","near_mint","en","AUD","2026-06-13T11:06:04.622Z"
"lotr","binder","Island","LTR","The Lord of the Rings: Tales of Middle-earth","264","normal","common","1","83451","bbeca27a-6c5b-40b9-83a4-a3a2096ff6f8","0.36","false","false","near_mint","en","AUD","2026-06-18T14:14:22.819Z"
"lotr","binder","Forest","SLD","Secret Lair Drop","488","normal","rare","1","64714","9ff9fe02-124c-4d5c-8526-a763272e05f4","2.88","false","false","near_mint","en","AUD","2026-06-18T14:14:22.818Z"
"lotr","binder","Warbeast of Gorgoroth","LTR","The Lord of the Rings: Tales of Middle-earth","152","normal","common","3","83112","5eeecb9e-fbde-429b-b3da-18a4dbadf6de","0.23","false","false","near_mint","en","AUD","2026-06-18T14:14:22.817Z"
"lotr","binder","Swarming of Moria","LTR","The Lord of the Rings: Tales of Middle-earth","150","normal","common","3","82842","0a1bd073-4351-4c56-9b07-4430d0d83084","0.3","false","false","near_mint","en","AUD","2026-06-18T14:14:22.816Z"
"lotr","binder","Isolation at Orthanc","LTR","The Lord of the Rings: Tales of Middle-earth","57","normal","common","1","83084","54b9c323-ac9b-4864-bd57-81b557f44114","0.17","false","false","near_mint","en","AUD","2026-06-18T14:14:22.815Z"
"lotr","binder","Escape from Orthanc","LTR","The Lord of the Rings: Tales of Middle-earth","12","normal","common","1","83644","f4ff3330-dcca-4435-87e7-871be91a68b0","0.23","false","false","near_mint","en","AUD","2026-06-18T14:14:22.814Z"
"lotr","binder","Eagles of the North","LTR","The Lord of the Rings: Tales of Middle-earth","7","normal","common","2","83470","c1bd3bc0-77bd-40fe-b4f1-835a04cb6e41","0.41","false","false","near_mint","en","AUD","2026-06-18T14:14:22.813Z"
"lotr","binder","Landroval, Horizon Witness","LTR","The Lord of the Rings: Tales of Middle-earth","21","normal","uncommon","1","83089","5684483b-9a6a-499b-a5e1-e2815ee03cdb","0.19","false","false","near_mint","en","AUD","2026-06-18T14:14:22.810Z"
"lotr","binder","Mirkwood Bats","LTR","The Lord of the Rings: Tales of Middle-earth","421","normal","common","1","83265","882747f9-b4fe-42be-8fe9-f871cd0779bd","1.31","false","false","near_mint","en","AUD","2026-06-18T14:14:22.809Z"
"lotr","binder","Shagrat, Loot Bearer","LTR","The Lord of the Rings: Tales of Middle-earth","228","normal","rare","1","82834","0731f64a-15da-4814-82e9-3a42e1657f36","0.37","false","false","near_mint","en","AUD","2026-06-18T14:14:22.808Z"
"lotr","binder","Peregrin Took","LTR","The Lord of the Rings: Tales of Middle-earth","181","normal","uncommon","2","83648","f5baee8d-88e7-4468-94a9-66ca8e2caf15","1.49","false","false","near_mint","en","AUD","2026-06-18T14:14:22.807Z"
"lotr","binder","Collector Ouphe","MH1","Modern Horizons","158","normal","rare","1","44776","085107a2-c1ec-473c-81d8-23e5a7197776","4.65","false","false","near_mint","en","AUD","2026-06-18T14:14:22.806Z"
"lotr","binder","Errand-Rider of Gondor","LTR","The Lord of the Rings: Tales of Middle-earth","11","normal","common","1","83534","d3f990e7-54a3-4893-8510-645b2065447b","0.21","false","false","near_mint","en","AUD","2026-06-18T14:14:22.804Z"
"lotr","binder","Protector of Gondor","LTR","The Lord of the Rings: Tales of Middle-earth","25","normal","common","1","83256","85708748-40ca-4066-a287-7a6a189ff3df","0.19","false","false","near_mint","en","AUD","2026-06-18T14:14:22.802Z"
"lotr","binder","Lórien Revealed","LTR","The Lord of the Rings: Tales of Middle-earth","60","normal","common","2","82850","0ce44270-a684-4489-9077-521456e6dfaa","5.82","false","false","near_mint","en","AUD","2026-06-18T14:14:22.801Z"
"lotr","binder","Sage-Eye Avengers","PFRF","Fate Reforged Promos","50","foil","rare","1","12157","6720bc67-1aa5-4b80-b497-a8cea0d0e268","0.37","false","false","near_mint","en","AUD","2026-06-18T14:14:22.800Z"
"lotr","binder","Troll of Khazad-dûm","LTR","The Lord of the Rings: Tales of Middle-earth","111","normal","common","2","83371","a6539e26-b63b-4725-9407-caaf451de084","1.04","false","false","near_mint","en","AUD","2026-06-18T14:14:22.799Z"
"lotr","binder","Stern Scolding","LTR","The Lord of the Rings: Tales of Middle-earth","71","normal","uncommon","1","83012","3ca1e1de-b916-445f-b3b2-0f4d0cc7ceeb","0.43","false","false","near_mint","en","AUD","2026-06-18T14:14:22.798Z"
"lotr","binder","Burrowguard Mentor","BLB","Bloomburrow","206","normal","uncommon","1","95945","87138ace-3594-499e-bad5-ec76148613ea","0.37","false","false","near_mint","en","AUD","2026-06-18T14:14:22.795Z"
"lotr","binder","Galadriel of Lothlórien","LTR","The Lord of the Rings: Tales of Middle-earth","206","normal","rare","1","83373","a6e5c3b3-9a70-4a1c-bfb3-db27e51c4b8d","0.46","false","false","near_mint","en","AUD","2026-06-18T14:14:22.794Z"
"lotr","binder","Improvised Club","LTR","The Lord of the Rings: Tales of Middle-earth","137","normal","common","1","83432","b8397d13-eeaf-4b4e-b3cd-9a9ac231873a","0.09","false","false","near_mint","en","AUD","2026-06-18T14:14:22.793Z"
"lotr","binder","Ballistic Boulder","TLTR","Tales of Middle-earth Tokens","8","normal","common","1","83438","b9d70342-9d3c-44cb-9026-db5e5941b9fc","0.33","false","false","near_mint","en","AUD","2026-06-18T14:14:22.792Z"
"lotr","binder","Island","LTR","The Lord of the Rings: Tales of Middle-earth","274","normal","common","2","83618","eba0c7c5-ed63-41a5-93e1-a979a6f983b9","0.98","false","false","near_mint","en","AUD","2026-06-18T14:14:22.791Z"
"lotr","binder","Stalwarts of Osgiliath","LTR","The Lord of the Rings: Tales of Middle-earth","33","normal","common","1","82955","2acb8240-8e0e-4adf-a884-4986c116e704","0.14","false","false","near_mint","en","AUD","2026-06-18T14:14:22.790Z"
"lotr","binder","Gimli's Axe","LTR","The Lord of the Rings: Tales of Middle-earth","130","normal","common","1","83550","d8999b6c-e501-48d0-ae51-a35b96f996ec","0.23","false","false","near_mint","en","AUD","2026-06-18T14:14:22.789Z"
"lotr","binder","Gríma Wormtongue","LTR","The Lord of the Rings: Tales of Middle-earth","88","normal","uncommon","1","83283","8e3bd86b-e8ca-4885-a823-78fb967e6caf","0.33","false","false","near_mint","en","AUD","2026-06-18T14:14:22.786Z"
"lotr","binder","Lost to Legend","LTR","The Lord of the Rings: Tales of Middle-earth","22","normal","uncommon","1","83480","c4e40481-aeaa-4b3d-a020-e9b6d7c11992","0.34","false","false","near_mint","en","AUD","2026-06-18T14:14:22.785Z"
"lotr","binder","You Cannot Pass!","LTR","The Lord of the Rings: Tales of Middle-earth","38","normal","uncommon","1","82859","116d4030-acd2-4aa2-8254-aaaff1264459","0.4","false","false","near_mint","en","AUD","2026-06-18T14:14:22.784Z"
"lotr","binder","Frodo Baggins","LTR","The Lord of the Rings: Tales of Middle-earth","320","normal","uncommon","1","83196","741a266c-b2e9-4981-93ef-843cea95ca76","0.26","false","false","near_mint","en","AUD","2026-06-18T14:14:22.783Z"
"lotr","binder","Boromir, Warden of the Tower","LTR","The Lord of the Rings: Tales of Middle-earth","4","normal","rare","1","83652","f6bc3720-2892-4dda-8f30-079a1ac8e1e2","8.93","false","false","near_mint","en","AUD","2026-06-18T14:14:22.782Z"
"lotr","binder","Nazgûl","LTR","The Lord of the Rings: Tales of Middle-earth","335","normal","uncommon","1","83019","3f16e3fe-cc9f-414e-8643-3f66c0ab2536","35.47","false","false","near_mint","en","AUD","2026-06-18T14:14:22.780Z"
"lotr","binder","Meneldor, Swift Savior","LTR","The Lord of the Rings: Tales of Middle-earth","62","normal","uncommon","2","83131","62d2ee20-abbc-4a9d-8d30-4223242123e8","0.31","false","false","near_mint","en","AUD","2026-06-18T14:14:22.796Z"
"lotr","binder","Gwaihir the Windlord","LTR","The Lord of the Rings: Tales of Middle-earth","210","normal","uncommon","2","82897","1a42c951-1146-4f49-a690-7d385962b191","0.37","false","false","near_mint","en","AUD","2026-06-18T14:14:22.797Z"
"lotr","binder","Island","LTR","The Lord of the Rings: Tales of Middle-earth","275","normal","common","3","83289","8fee8302-39ca-43c3-b139-62e591559306","0.85","false","false","near_mint","en","AUD","2026-06-18T14:14:22.803Z"
"lotr","binder","Drumhunter","C13","Commander 2013","142","normal","uncommon","1","15244","343ef398-576a-43b6-a32b-f916ccd63579","0.4","false","false","near_mint","en","AUD","2026-06-21T12:49:11.922Z"
"lotr","binder","Brandywine Farmer","LTR","The Lord of the Rings: Tales of Middle-earth","155","normal","common","1","82904","1c24b5fa-506d-4eaf-881b-bc282c74a16c","0.29","false","false","near_mint","en","AUD","2026-06-21T12:49:11.921Z"
"lotr","binder","Battle-Scarred Goblin","LTR","The Lord of the Rings: Tales of Middle-earth","115","normal","common","1","83436","b91859de-1983-4c9c-a9e6-289c7dba1eb4","0.26","false","false","near_mint","en","AUD","2026-06-21T12:49:11.918Z"
"lotr","binder","Knights of Dol Amroth","LTR","The Lord of the Rings: Tales of Middle-earth","432","normal","common","1","82848","0c511371-97d7-47cc-934c-939dfbdd1c0b","0.26","false","false","near_mint","en","AUD","2026-06-21T12:49:11.914Z"
"lotr","binder","Sunken Hollow","LTC","Tales of Middle-earth Commander","335","normal","rare","1","83320","9764a8bc-94ff-448f-aed6-2eca21fc0418","0.54","false","false","near_mint","en","AUD","2026-06-21T12:49:11.913Z"
"lotr","binder","Horn of the Mark","LTR","The Lord of the Rings: Tales of Middle-earth","241","normal","rare","1","83572","dd86b71f-d736-426f-bf15-013bc8da1a08","1.03","false","false","near_mint","en","AUD","2026-06-21T12:49:11.912Z"
"lotr","binder","Tentacle","TLTR","Tales of Middle-earth Tokens","4","normal","common","1","83623","eea4e628-4ae2-4e33-a3b6-176ed87c1840","0.54","false","false","near_mint","en","AUD","2026-06-21T12:49:11.911Z"
"lotr","binder","Second Breakfast","LTR","The Lord of the Rings: Tales of Middle-earth","29","normal","common","1","82814","002f647a-25f8-461b-8617-52674f5d577c","0.27","false","false","near_mint","en","AUD","2026-06-21T12:49:11.910Z"
"lotr","binder","Many Partings","LTR","The Lord of the Rings: Tales of Middle-earth","176","normal","common","1","83528","d179dbbe-9c79-4dbc-955a-5209a3e2745a","0.31","false","false","near_mint","en","AUD","2026-06-21T12:49:11.909Z"
"lotr","binder","Rally at the Hornburg","LTR","The Lord of the Rings: Tales of Middle-earth","142","normal","common","1","83622","ee7292f7-1c7e-449c-9c52-7584d6a14c2c","0.43","false","false","near_mint","en","AUD","2026-06-21T12:49:11.908Z"
"lotr","binder","Relentless Rohirrim","LTR","The Lord of the Rings: Tales of Middle-earth","144","normal","common","1","82924","21b7606a-6a4c-4bf0-b311-1883383161d2","0.07","false","false","near_mint","en","AUD","2026-06-21T12:49:11.907Z"
"lotr","binder","Frodo Baggins","LTR","The Lord of the Rings: Tales of Middle-earth","205","normal","uncommon","3","83576","de1c0399-9db8-4901-b72e-0010eb9b92b0","0.32","false","false","near_mint","en","AUD","2026-06-21T12:49:11.905Z"
"lotr","binder","Snarling Warg","LTR","The Lord of the Rings: Tales of Middle-earth","109","normal","common","1","83351","a1ad561c-ccb4-480a-88a4-0555d0ef245e","0.11","false","false","near_mint","en","AUD","2026-06-21T12:49:11.900Z"
"lotr","binder","Fog on the Barrow-Downs","LTR","The Lord of the Rings: Tales of Middle-earth","16","normal","common","2","83446","bb0cda3a-20d7-425a-89fe-b0a3cd7ced03","0.18","false","false","near_mint","en","AUD","2026-06-21T12:49:11.899Z"
"lotr","binder","Morgul-Knife Wound","LTR","The Lord of the Rings: Tales of Middle-earth","98","normal","common","1","83102","5ae08177-48ee-4404-834d-d3cd7482ae81","0.27","false","false","near_mint","en","AUD","2026-06-21T12:49:11.898Z"
"lotr","binder","Rosie Cotton of South Lane","LTR","The Lord of the Rings: Tales of Middle-earth","440","normal","uncommon","1","83100","5a56cbc2-6fc2-4443-90fe-59acd526f562","0.48","false","false","near_mint","en","AUD","2026-06-21T12:49:11.894Z"
"lotr","binder","Barad-dûr","LTR","The Lord of the Rings: Tales of Middle-earth","253","normal","rare","1","83616","eb5038af-06b0-401e-8dea-a1a8483788ae","2.57","false","false","near_mint","en","AUD","2026-06-21T12:49:11.893Z"
"lotr","binder","Food","TLTR","Tales of Middle-earth Tokens","9","normal","common","1","83127","61f04cd9-63ef-4dda-948a-0be76628900c","0.38","false","false","near_mint","en","AUD","2026-06-21T12:49:11.891Z"
"lotr","binder","Mirkwood Bats","LTR","The Lord of the Rings: Tales of Middle-earth","95","normal","common","1","82881","15f035df-784a-4dc8-b7f5-77139a4e6e99","2.38","false","false","near_mint","en","AUD","2026-06-21T12:49:11.889Z"
"lotr","binder","Mirkwood Spider","LTR","The Lord of the Rings: Tales of Middle-earth","178","normal","common","1","83388","ad961ba1-c74f-4a44-87fe-b30e2b63e378","0.4","false","false","near_mint","en","AUD","2026-06-21T12:49:11.888Z"
"lotr","binder","Grishnákh, Brash Instigator","LTR","The Lord of the Rings: Tales of Middle-earth","134","normal","uncommon","1","83136","6385e769-f805-499d-9f47-494533362152","0.27","false","false","near_mint","en","AUD","2026-06-21T12:49:11.885Z"
"lotr","binder","Saruman the White","LTR","The Lord of the Rings: Tales of Middle-earth","67","normal","uncommon","1","82903","1bfccbab-29fa-4e92-8919-6cd4815fb655","0.3","false","false","near_mint","en","AUD","2026-06-21T12:49:11.884Z"
"lotr","binder","Saruman's Trickery","LTR","The Lord of the Rings: Tales of Middle-earth","68","normal","uncommon","2","83284","8eb6c23b-e52e-4533-9625-884eb0a4d866","0.35","false","false","near_mint","en","AUD","2026-06-21T12:49:11.883Z"
"lotr","binder","Lash of the Balrog","LTR","The Lord of the Rings: Tales of Middle-earth","408","normal","common","2","83360","a3bb0051-3ba3-4e22-9098-42ee0d9b645c","0.24","false","false","near_mint","en","AUD","2026-06-21T12:49:11.882Z"
"lotr","binder","Flame of Anor","LTR","The Lord of the Rings: Tales of Middle-earth","203","normal","rare","1","82828","04779a7e-b453-48b9-b392-6d6fd0b8d283","6.67","false","false","near_mint","en","AUD","2026-06-21T12:49:11.881Z"
"lotr","binder","Revive the Shire","LTR","The Lord of the Rings: Tales of Middle-earth","185","normal","common","1","83045","46b7f493-1b57-4b07-8510-30703282f879","0.43","false","false","near_mint","en","AUD","2026-06-21T12:49:11.880Z"
"lotr","binder","Chance-Met Elves","LTR","The Lord of the Rings: Tales of Middle-earth","157","normal","common","2","82843","0aa57431-39e2-4152-8a30-1c1e8faef153","0.26","false","false","near_mint","en","AUD","2026-06-21T12:49:11.879Z"
"lotr","binder","Haunt of the Dead Marshes","LTR","The Lord of the Rings: Tales of Middle-earth","90","normal","common","2","83151","673c6c12-2513-4d1b-acf0-6a1f741d49dd","0.29","false","false","near_mint","en","AUD","2026-06-21T12:49:11.878Z"
"lotr","binder","Nimrodel Watcher","LTR","The Lord of the Rings: Tales of Middle-earth","63","normal","common","1","83473","c253ee40-41c9-4cb5-a1a3-94b0aaed09d4","0.19","false","false","near_mint","en","AUD","2026-06-21T12:49:11.877Z"
"lotr","binder","Ringsight","LTR","The Lord of the Rings: Tales of Middle-earth","220","normal","uncommon","2","82992","3700a65c-6f54-4d56-9c6f-8364c45a058c","0.53","false","false","near_mint","en","AUD","2026-06-21T12:49:11.875Z"
"lotr","binder","Shortcut to Mushrooms","LTR","The Lord of the Rings: Tales of Middle-earth","187","normal","uncommon","2","82870","13bc14f9-c90c-499d-9024-3182d78e0a88","0.31","false","false","near_mint","en","AUD","2026-06-21T12:49:11.874Z"
"lotr","binder","Dúnedain Rangers","LTR","The Lord of the Rings: Tales of Middle-earth","159","normal","uncommon","1","83133","630e1e36-2f5d-44d4-9ff2-19ae75295016","0.33","false","false","near_mint","en","AUD","2026-06-21T12:49:11.872Z"
"lotr","binder","Samwise Gamgee","LTR","The Lord of the Rings: Tales of Middle-earth","327","normal","rare","1","83512","cd3ecb73-2720-4c1c-8f67-78983f16e584","1.25","false","false","near_mint","en","AUD","2026-06-21T12:49:11.871Z"
"lotr","binder","Old Man Willow","LTR","The Lord of the Rings: Tales of Middle-earth","217","normal","uncommon","1","82826","0362b7c4-fff5-4bc2-b32d-913f85c23cc4","0.23","false","false","near_mint","en","AUD","2026-06-21T12:49:11.869Z"
"lotr","binder","Gisa and Geralf","INR","Innistrad Remastered","237","normal","rare","1","102754","bce9bf8d-4d22-4967-bd9e-27fe444ef3f6","0.53","false","false","near_mint","en","AUD","2026-06-21T12:49:11.868Z"
"lotr","binder","Haazda Marshal","GRN","Guilds of Ravnica","13","normal","uncommon","1","470","5c561d89-b02d-4f1a-b49a-cdf2def3404d","0.44","false","false","near_mint","en","AUD","2026-06-21T12:49:11.866Z"
"lotr","binder","Now for Wrath, Now for Ruin!","LTR","The Lord of the Rings: Tales of Middle-earth","24","normal","common","1","83475","c2e2c80d-7581-46ba-8237-7886b91c19b3","0.2","false","false","near_mint","en","AUD","2026-06-21T12:49:11.863Z"
"lotr","binder","Bitter Downfall","LTR","The Lord of the Rings: Tales of Middle-earth","77","normal","uncommon","1","83593","e4b83aa1-33ce-4b8d-ae5a-72f64eef5f09","0.21","false","false","near_mint","en","AUD","2026-06-21T12:49:11.859Z"
"lotr","binder","Prince Imrahil the Fair","LTR","The Lord of the Rings: Tales of Middle-earth","431","normal","uncommon","1","83349","a0c9c814-df6b-4b54-a233-9bed31009bed","0.37","false","false","near_mint","en","AUD","2026-06-21T12:49:11.858Z"
"lotr","binder","Orcish Bowmasters","LTR","The Lord of the Rings: Tales of Middle-earth","103","normal","rare","1","83214","7c024bae-5631-4e20-ac69-df392ac9e109","67.49","false","false","near_mint","en","AUD","2026-06-21T12:49:11.857Z"
"lotr","binder","Hithlain Knots","LTR","The Lord of the Rings: Tales of Middle-earth","54","normal","common","1","83448","bbcc27e7-cbe4-45c2-b157-7251a10e7ba4","0.27","false","false","near_mint","en","AUD","2026-06-21T12:49:11.855Z"
"lotr","binder","Arwen's Gift","LTR","The Lord of the Rings: Tales of Middle-earth","39","normal","common","1","82969","30e1ec49-ad4f-4623-aeeb-dba07d6e6251","0.2","false","false","near_mint","en","AUD","2026-06-21T12:49:11.854Z"
"lotr","binder","Birthday Escape","LTR","The Lord of the Rings: Tales of Middle-earth","43","normal","common","1","83034","42db2313-b13d-4292-bef2-bf86f989d32f","0.38","false","false","near_mint","en","AUD","2026-06-21T12:49:11.853Z"
"lotr","binder","Rosie Cotton of South Lane","LTR","The Lord of the Rings: Tales of Middle-earth","27","normal","uncommon","1","83198","75338f49-1f02-4333-87e4-5779ef14e688","0.51","false","false","near_mint","en","AUD","2026-06-21T12:49:11.851Z"
"lotr","binder","Fear, Fire, Foes!","LTR","The Lord of the Rings: Tales of Middle-earth","125","normal","uncommon","1","82995","37be98a4-0cba-46b4-be93-a9805fe77160","0.31","false","false","near_mint","en","AUD","2026-06-21T12:49:11.850Z"
"lotr","binder","Grond, the Gatebreaker","LTR","The Lord of the Rings: Tales of Middle-earth","89","normal","uncommon","1","83056","4bc61b28-afdd-4de9-829b-ffe5ca7c7f19","0.24","false","false","near_mint","en","AUD","2026-06-21T12:49:11.849Z"
"lotr","binder","Phial of Galadriel","LTR","The Lord of the Rings: Tales of Middle-earth","248","normal","rare","1","83386","ac6d60fe-681b-495e-813c-c8418f3f29e5","0.77","false","false","near_mint","en","AUD","2026-06-21T12:49:11.848Z"
"lotr","binder","The Black Breath","LTR","The Lord of the Rings: Tales of Middle-earth","78","normal","common","1","82916","1e63983d-c36b-4440-b9e1-baaa6c7c0ba9","0.26","false","false","near_mint","en","AUD","2026-06-21T12:49:11.847Z"
"lotr","binder","Quickbeam, Upstart Ent","LTR","The Lord of the Rings: Tales of Middle-earth","419","normal","uncommon","1","83024","402d829d-9d99-48ac-9ffe-14405ec56302","0.31","false","false","near_mint","en","AUD","2026-06-21T12:49:11.846Z"
"lotr","binder","Willow-Wind","LTR","The Lord of the Rings: Tales of Middle-earth","76","normal","common","1","82844","0adc3bff-0eb1-40e9-b954-5515babd07a3","0.14","false","false","near_mint","en","AUD","2026-06-21T12:49:11.844Z"
"lotr","binder","Horn of Gondor","LTR","The Lord of the Rings: Tales of Middle-earth","240","normal","rare","1","83400","b14eaeec-d7ce-462a-90d3-2ae5ff605fdb","4.08","false","false","near_mint","en","AUD","2026-06-21T12:49:11.843Z"
"lotr","binder","Gandalf, Friend of the Shire","LTR","The Lord of the Rings: Tales of Middle-earth","308","normal","uncommon","2","83615","eae80537-f355-4aa3-8952-b08f3d1a1e41","0.3","false","false","near_mint","en","AUD","2026-06-21T12:49:11.856Z"
"lotr","binder","Sam's Desperate Rescue","LTR","The Lord of the Rings: Tales of Middle-earth","105","normal","common","2","83456","bdd4d735-8cda-47c1-865b-48b51ac8f666","0.36","false","false","near_mint","en","AUD","2026-06-21T12:49:11.862Z"
"lotr","binder","Oliphaunt","LTR","The Lord of the Rings: Tales of Middle-earth","139","normal","common","2","83161","6989018c-37b1-4282-a4af-9cc97f160b4d","0.37","false","false","near_mint","en","AUD","2026-06-21T12:49:11.892Z"
"lotr","binder","Gift of Strands","LTR","The Lord of the Rings: Tales of Middle-earth","170","normal","uncommon","3","83277","8c54ee0c-1432-4f20-9a92-2cdfcbab30ac","0.19","false","false","near_mint","en","AUD","2026-06-21T12:49:11.895Z"
"lotr","binder","Gandalf, Friend of the Shire","LTR","The Lord of the Rings: Tales of Middle-earth","50","normal","uncommon","2","83510","cc9cfcc7-be64-4871-8d52-851e43fe3305","0.3","false","false","near_mint","en","AUD","2026-06-21T12:49:11.896Z"
"lotr","binder","The Grey Havens","LTR","The Lord of the Rings: Tales of Middle-earth","443","normal","uncommon","1","83319","9714aa30-1db2-4670-9a0b-72acfc3f703c","0.41","false","false","near_mint","en","AUD","2026-06-21T13:18:36.824Z"
"lotr","binder","Eastfarthing Farmer","LTR","The Lord of the Rings: Tales of Middle-earth","8","normal","common","1","82944","26bb65ba-d605-4b79-a700-4a08ec5a90b4","0.26","false","false","near_mint","en","AUD","2026-06-21T13:18:36.822Z"
"lotr","binder","Nimble Hobbit","LTR","The Lord of the Rings: Tales of Middle-earth","23","normal","common","1","83479","c4cd0756-7bf3-4cb6-9687-1f9346b0bb92","0.17","false","false","near_mint","en","AUD","2026-06-21T13:18:36.821Z"
"lotr","binder","Took Reaper","LTR","The Lord of the Rings: Tales of Middle-earth","35","normal","common","1","82913","1da7fc15-f894-496e-ba18-a02d42e9bedc","0.17","false","false","near_mint","en","AUD","2026-06-21T13:18:36.820Z"
"lotr","binder","Assault on Osgiliath","LTR","The Lord of the Rings: Tales of Middle-earth","285","normal","rare","1","82934","2549b70a-6bd0-4c9b-96b7-4ab775a30cd3","1.18","false","false","near_mint","en","AUD","2026-06-21T13:18:36.815Z"
"lotr","binder","The Ring Goes South","LTR","The Lord of the Rings: Tales of Middle-earth","186","normal","rare","1","83010","3c8a4c7d-527c-49ea-a115-a9e747c0fd03","0.46","false","false","near_mint","en","AUD","2026-06-21T13:18:36.814Z"
"lotr","binder","Erebor Flamesmith","LTR","The Lord of the Rings: Tales of Middle-earth","122","normal","common","1","83086","552730c5-e3a6-468f-91b2-82c272dda400","0.5","false","false","near_mint","en","AUD","2026-06-21T13:18:36.811Z"
"lotr","binder","Shire Terrace","LTR","The Lord of the Rings: Tales of Middle-earth","261","normal","common","1","82936","25932483-58cd-4ae5-82bf-ab455177d117","0.31","false","false","near_mint","en","AUD","2026-06-21T13:18:36.809Z"
"lotr","binder","Samwise the Stouthearted","LTR","The Lord of the Rings: Tales of Middle-earth","28","normal","uncommon","2","82922","214c270e-29ca-4d69-bea6-9252ae7707ad","0.34","false","false","near_mint","en","AUD","2026-06-21T13:18:36.799Z"
"lotr","binder","Gandalf, Westward Voyager","LTC","Tales of Middle-earth Commander","6","normal","mythic","1","83090","56910251-6339-4f8b-b863-29caab4965d8","0.43","false","false","near_mint","en","AUD","2026-06-21T13:18:36.796Z"
"lotr","binder","One Ring to Rule Them All","LTR","The Lord of the Rings: Tales of Middle-earth","102","normal","rare","1","83447","bb2dc2e0-f393-4442-818b-d3b860bfffd0","4.39","false","false","near_mint","en","AUD","2026-06-21T13:18:36.795Z"
"lotr","binder","King of the Oathbreakers","LTR","The Lord of the Rings: Tales of Middle-earth","211","normal","rare","1","83509","cc857755-62e6-4d29-95f5-82f5d4bde522","0.46","false","false","near_mint","en","AUD","2026-06-21T13:18:36.794Z"
"lotr","binder","Orc Sureshot","FRF","Fate Reforged","78","normal","uncommon","1","12048","292326cd-4b90-40c6-88b1-f8560fde236c","0.38","false","false","near_mint","en","AUD","2026-06-28T13:06:31.994Z"
"lotr","binder","Elven Chorus","LTR","The Lord of the Rings: Tales of Middle-earth","160","normal","rare","1","83125","616cfb94-3faf-44fe-bf04-e90643765e48","4.9","false","false","near_mint","en","AUD","2026-06-28T13:06:31.992Z"
"lotr","binder","Oliphaunt","LTR","The Lord of the Rings: Tales of Middle-earth","426","normal","common","1","83667","fa65958a-f601-472e-a9b6-42650b97fa44","0.21","false","false","near_mint","en","AUD","2026-06-28T13:06:31.991Z"
"lotr","binder","Uglúk of the White Hand","LTR","The Lord of the Rings: Tales of Middle-earth","235","normal","uncommon","1","83610","e914c7fc-be3c-4346-bf37-6e10f4998204","0.24","false","false","near_mint","en","AUD","2026-06-28T13:06:31.990Z"
"lotr","binder","Gorbag of Minas Morgul","LTR","The Lord of the Rings: Tales of Middle-earth","86","normal","uncommon","1","83097","58aafdb6-1c8c-4fc4-a52e-3e601be7fb0c","0.27","false","false","near_mint","en","AUD","2026-06-28T13:06:31.989Z"
"lotr","binder","Gollum, Patient Plotter","LTR","The Lord of the Rings: Tales of Middle-earth","84","normal","uncommon","2","83069","4ddda7d4-0226-404f-8418-f1f5720dcef8","0.3","false","false","near_mint","en","AUD","2026-06-28T13:06:31.986Z"
"lotr","binder","Mountain","LTR","The Lord of the Rings: Tales of Middle-earth","278","normal","common","1","83401","b1902b98-7579-4b7a-8cb8-9bd0e0da5f67","0.61","false","false","near_mint","en","AUD","2026-07-03T05:09:14.159Z"
"lotr","binder","Elven Farsight","LTR","The Lord of the Rings: Tales of Middle-earth","161","normal","common","1","83195","73d135b2-d2b8-499c-84d9-824370c19ccc","0.26","false","false","near_mint","en","AUD","2026-07-03T05:09:14.158Z"
"lotr","binder","Elrond, Lord of Rivendell","LTR","The Lord of the Rings: Tales of Middle-earth","307","normal","uncommon","1","82968","308465a9-2143-49f2-b9d0-a09272dd1b62","0.29","false","false","near_mint","en","AUD","2026-07-03T05:09:14.151Z"
"lotr","binder","Saradoc, Master of Buckland","LTR","The Lord of the Rings: Tales of Middle-earth","282","normal","rare","1","83372","a65a1fb5-cc2c-4556-b109-05c3d966ded9","0.53","false","false","near_mint","en","AUD","2026-07-03T05:09:14.150Z"
"lotr","binder","Mines of Moria","LTR","The Lord of the Rings: Tales of Middle-earth","257","normal","rare","1","82847","0be723d6-4ada-4c3f-b87b-8ab83a4bbb8f","3.01","false","false","near_mint","en","AUD","2026-07-03T05:09:14.149Z"
"lotr","binder","Meriadoc Brandybuck","LTR","The Lord of the Rings: Tales of Middle-earth","177","normal","uncommon","1","83266","885a3277-ef10-4dcf-ac63-eb8971cd627c","0.32","false","false","near_mint","en","AUD","2026-07-03T05:09:14.148Z"
"lotr","binder","Food","TLTR","Tales of Middle-earth Tokens","10","normal","common","1","83466","bfcff41e-b6ff-4ddd-bcb6-8943f7d88aef","0.37","false","false","near_mint","en","AUD","2026-07-12T07:19:35.728Z"
"lotr","binder","Sting, the Glinting Dagger","LTR","The Lord of the Rings: Tales of Middle-earth","409","normal","rare","1","83492","c6e3485e-2190-412a-a7b0-6a6ffdbef77c","4.03","false","false","near_mint","en","AUD","2026-07-12T07:19:35.727Z"
"lotr","binder","Rising of the Day","LTR","The Lord of the Rings: Tales of Middle-earth","427","normal","uncommon","1","83208","7a06a653-eca1-4fee-add5-45d2594885c3","1.25","false","false","near_mint","en","AUD","2026-07-12T07:20:04.380Z"
"lotr","binder","Pippin's Bravery","LTR","The Lord of the Rings: Tales of Middle-earth","414","normal","common","1","82841","08dc9616-83e5-451f-aaa8-d0c81802fa13","0.23","false","false","near_mint","en","AUD","2026-07-12T07:20:24.740Z"
"lotr","binder","Sméagol, Helpful Guide","LTR","The Lord of the Rings: Tales of Middle-earth","330","normal","rare","1","83411","b3ebf3a3-3dd1-48e0-ad84-c3295de2e032","0.62","false","false","near_mint","en","AUD","2026-07-12T07:20:43.150Z"
"lotr","binder","Samwise the Stouthearted","LTR","The Lord of the Rings: Tales of Middle-earth","306","normal","uncommon","1","83041","44c6a273-9307-432a-96f5-3e536da70f95","0.24","false","false","near_mint","en","AUD","2026-07-12T07:22:13.232Z"
"lotr","binder","Feasting Hobbit","LTC","Tales of Middle-earth Commander","120","normal","rare","1","83361","a42d54d1-bdef-40e7-80df-bab985f394da","3.66","false","false","near_mint","en","AUD","2026-07-12T07:22:58.070Z"
"lotr","binder","Andúril, Flame of the West","LTR","The Lord of the Rings: Tales of Middle-earth","375","normal","mythic","1","83366","a5236343-8035-477c-8221-b835d01b8a8b","8.7","false","false","near_mint","en","AUD","2026-07-12T07:23:26.997Z"
"lotr","binder","The Balrog, Durin's Bane","LTR","The Lord of the Rings: Tales of Middle-earth","195","foil","rare","1","83028","416880c3-cefb-45ea-bcc3-2ec7a70c8097","2.3","false","false","near_mint","en","AUD","2026-07-12T07:24:22.710Z"
"lotr","binder","Ranger's Firebrand","LTR","The Lord of the Rings: Tales of Middle-earth","143","foil","uncommon","1","82831","06541200-fa4c-4b98-bdc4-44708fd2ddf6","0.4","false","false","near_mint","en","AUD","2026-07-12T07:24:49.296Z"
"lotr","binder","Tale of Tinúviel","LTR","The Lord of the Rings: Tales of Middle-earth","34","foil","uncommon","1","83330","9ae65f96-7bfd-4390-88bf-764c26bf4668","0.39","false","false","near_mint","en","AUD","2026-07-12T07:25:20.098Z"
"lotr","binder","Enraged Huorn","LTR","The Lord of the Rings: Tales of Middle-earth","162","foil","common","1","83383","a9b48836-6d37-46eb-8c41-a3eeecc72ae1","0.32","false","false","near_mint","en","AUD","2026-07-12T07:25:44.275Z"
"lotr","binder","Breaking of the Fellowship","LTR","The Lord of the Rings: Tales of Middle-earth","117","foil","common","1","82865","130f60d0-4fac-4e4e-a938-58f3b96e5335","0.23","false","false","near_mint","en","AUD","2026-07-12T07:26:01.768Z"
"lotr","binder","Shelob's Ambush","LTR","The Lord of the Rings: Tales of Middle-earth","108","foil","common","1","82941","25e69fa8-7339-4bfa-8e35-9cbfe0001d8b","0.42","false","false","near_mint","en","AUD","2026-07-12T07:26:27.737Z"
"lotr","binder","Surrounded by Orcs","LTR","The Lord of the Rings: Tales of Middle-earth","73","foil","common","1","82905","1c50d4c8-2311-4394-b73f-389eb81e898b","0.4","false","false","near_mint","en","AUD","2026-07-12T07:26:39.846Z"
"spdr","binder","Spectacular Spider-Man","SPM","Marvel's Spider-Man","14","normal","rare","1","107857","32bff506-efc0-42ef-8286-ed939bf853d7","4.04","false","false","near_mint","en","AUD","2026-06-05T13:05:08.741Z"
"spdr","binder","The Death of Gwen Stacy","SPM","Marvel's Spider-Man","54","normal","rare","1","108640","690f1f31-f8c5-4336-9ec9-72ff761e3adc","0.49","false","false","near_mint","en","AUD","2026-06-05T13:05:08.741Z"
"spdr","binder","Spider Manifestation","SPM","Marvel's Spider-Man","148","normal","common","2","108553","99223677-b8a5-48f1-8009-e8475eada7db","0.34","false","false","near_mint","en","AUD","2026-06-05T13:05:08.741Z"
"spdr","binder","Spider-Man India","SPM","Marvel's Spider-Man","151","normal","uncommon","2","108448","65b8af30-559b-43a9-8526-62c28c378339","0.34","false","false","near_mint","en","AUD","2026-06-05T13:05:08.741Z"
"spdr","binder","Web Up","SPM","Marvel's Spider-Man","21","normal","common","3","107616","1ab7c1e6-54af-4002-8a81-23a1ccafa3ff","0.23","false","false","near_mint","en","AUD","2026-06-05T13:05:08.741Z"
"spdr","binder","Vibrant Cityscape","SPM","Marvel's Spider-Man","188","normal","common","3","108555","9c110fa1-2320-4652-b282-ed064a9ec9a9","0.23","false","false","near_mint","en","AUD","2026-06-05T13:05:08.741Z"
"spdr","binder","Unstable Experiment","SPM","Marvel's Spider-Man","47","normal","common","1","107669","be9d5985-0a39-4ee3-80de-30d17d08f404","0.17","false","false","near_mint","en","AUD","2026-06-05T13:05:08.741Z"
"spdr","binder","Bagel and Schmear","SPM","Marvel's Spider-Man","161","normal","common","2","108544","7f927f72-fc9b-444f-9e0e-78a5e8e7bcaa","0.2","false","false","near_mint","en","AUD","2026-06-05T13:05:08.741Z"
"spdr","binder","Heroes' Hangout","SPM","Marvel's Spider-Man","79","normal","uncommon","2","108506","4148d7e8-6371-468c-858b-35254995409a","0.23","false","false","near_mint","en","AUD","2026-06-05T13:05:08.741Z"
"spdr","binder","Masked Meower","SPM","Marvel's Spider-Man","82","normal","common","1","107643","6aa0dc1f-6c83-4ac9-b4f2-428e0e0bbf88","0.21","false","false","near_mint","en","AUD","2026-06-05T13:05:08.741Z"
"spdr","binder","Venomized Cat","SPM","Marvel's Spider-Man","72","normal","common","3","108527","6330f3e9-e031-4d55-b5d8-536c16bba063","0.22","false","false","near_mint","en","AUD","2026-06-05T13:05:08.741Z"
"spdr","binder","Terrific Team-Up","SPM","Marvel's Spider-Man","120","normal","uncommon","2","108597","f3c587b0-66b9-46bf-90ee-a6163c006c9e","0.22","false","false","near_mint","en","AUD","2026-06-05T13:05:08.741Z"
"spdr","binder","Swarm, Being of Bees","SPM","Marvel's Spider-Man","69","normal","common","2","108576","cb83d54e-6641-4929-99ad-c0ba5b610902","0.18","false","false","near_mint","en","AUD","2026-06-05T13:05:08.741Z"
"spdr","binder","Electro's Bolt","SPM","Marvel's Spider-Man","77","normal","common","2","107620","25fe063f-35e4-4fca-9889-06834a8ef9b9","0.17","false","false","near_mint","en","AUD","2026-06-05T13:05:08.741Z"
"spdr","binder","Doc Ock's Henchmen","SPM","Marvel's Spider-Man","30","normal","common","3","107659","a383c442-3f4a-4115-97e4-23f0eb88465b","0.17","false","false","near_mint","en","AUD","2026-06-05T13:05:08.741Z"
"spdr","binder","Living Brain, Mechanical Marvel","SPM","Marvel's Spider-Man","167","normal","uncommon","1","108495","26833b64-2e6d-4977-9a6e-6fe73c54d671","0.19","false","false","near_mint","en","AUD","2026-06-05T13:05:08.741Z"
"spdr","binder","Vulture, Scheming Scavenger","SPM","Marvel's Spider-Man","158","normal","uncommon","3","108471","e29281be-e722-4149-93a0-6dd3f0f64253","0.21","false","false","near_mint","en","AUD","2026-06-05T13:05:08.741Z"
"spdr","binder","Kapow!","SPM","Marvel's Spider-Man","103","normal","common","5","107674","cec575f6-43c9-41c6-a996-bb806bf82185","0.16","false","false","near_mint","en","AUD","2026-06-05T13:05:08.741Z"
"spdr","binder","Mechanical Mobster","SPM","Marvel's Spider-Man","168","normal","common","3","107644","6c6d9ecc-2dd1-471a-8678-a2461b1084fa","0.19","false","false","near_mint","en","AUD","2026-06-05T13:05:08.741Z"
"spdr","binder","Starling, Aerial Ally","SPM","Marvel's Spider-Man","18","normal","common","3","107667","babbf53d-3e10-4110-8725-91f766c8cdad","0.11","false","false","near_mint","en","AUD","2026-06-05T13:05:08.741Z"
"spdr","binder","Lurking Lizards","SPM","Marvel's Spider-Man","107","normal","common","3","107634","58b5b49c-ddd6-4d1b-9b61-6e02d8fc55ad","0.15","false","false","near_mint","en","AUD","2026-06-05T13:05:08.741Z"
"spdr","binder","Human Citizen","TSPM","Marvel's Spider-Man Tokens","4","normal","common","1","108633","398fbcd8-fac7-4396-9c69-5c72695121a9","","false","false","near_mint","en","AUD","2026-06-05T13:05:08.741Z"
"spdr","binder","Professional Wrestler","SPM","Marvel's Spider-Man","110","normal","common","1","108548","8a5381e7-ddda-47e7-886d-812250ffb745","0.07","false","false","near_mint","en","AUD","2026-06-05T13:05:08.741Z"
"spdr","binder","Angry Rabble","SPM","Marvel's Spider-Man","75","normal","common","2","107654","938730fa-496f-4871-80ec-3e9843ecb219","0.08","false","false","near_mint","en","AUD","2026-06-05T13:05:08.741Z"
"spdr","binder","Treasure","TSPM","Marvel's Spider-Man Tokens","7","normal","common","1","108663","d52efeb3-661d-45e9-97c3-af167f889684","","false","false","near_mint","en","AUD","2026-06-05T13:05:08.741Z"
"spdr","binder","Plains","SPM","Marvel's Spider-Man","194","normal","common","1","107655","94e88862-d53d-49b6-8aa5-95f07507c6e1","0.28","false","false","near_mint","en","AUD","2026-06-05T13:28:33.424Z"
"spdr","binder","Friendly Neighborhood","SPM","Marvel's Spider-Man","8","normal","rare","1","108619","17a18e2f-221f-4fc2-8dab-25bf12fb8756","0.38","false","false","near_mint","en","AUD","2026-06-05T13:28:33.423Z"
"spdr","binder","Symbiote Spider-Man","SPM","Marvel's Spider-Man","156","normal","rare","1","107866","6a21c0ff-b51a-4946-9737-7872a7eef97b","0.43","false","false","near_mint","en","AUD","2026-06-05T13:28:33.422Z"
"spdr","binder","Shadow of the Goblin","SPM","Marvel's Spider-Man","87","normal","rare","1","108545","854b6898-c480-435b-8952-a077c7977cec","0.74","false","false","near_mint","en","AUD","2026-06-05T13:28:33.421Z"
"spdr","binder","Web-Warriors","SPM","Marvel's Spider-Man","203","normal","uncommon","1","107882","bd672045-fe36-4a03-abf7-9c81f4100bba","0.38","false","false","near_mint","en","AUD","2026-06-05T13:28:33.420Z"
"spdr","binder","Kraven, Proud Predator","SPM","Marvel's Spider-Man","132","normal","uncommon","1","108567","af7c63e1-eccc-40a2-ba14-ce0d2a6123fc","0.14","false","false","near_mint","en","AUD","2026-06-05T13:28:33.419Z"
"spdr","binder","Silver Sable, Mercenary Leader","SPM","Marvel's Spider-Man","13","normal","uncommon","1","108661","cf0d4116-acee-4d9a-985c-396d10e03838","0.2","false","false","near_mint","en","AUD","2026-06-05T13:28:33.418Z"
"spdr","binder","Inner Demons Gangsters","SPM","Marvel's Spider-Man","57","normal","common","1","108594","f0252819-4eda-457d-9688-b08b83b1edc9","0.15","false","false","near_mint","en","AUD","2026-06-05T13:28:33.415Z"
"spdr","binder","Spider-Man, Brooklyn Visionary","SPM","Marvel's Spider-Man","115","normal","common","1","107679","e19929bc-cbe1-4970-952d-8e9d0193ddce","0.15","false","false","near_mint","en","AUD","2026-06-05T13:28:33.414Z"
"spdr","binder","Shock","SPM","Marvel's Spider-Man","88","normal","common","1","107645","760b41a1-c087-4b11-b8a0-fb01d8a4c0c6","0.2","false","false","near_mint","en","AUD","2026-06-05T13:28:33.413Z"
"spdr","binder","Daily Bugle Reporters","SPM","Marvel's Spider-Man","6","normal","common","1","107633","530dbeb0-b0cd-473e-a43e-7b23c88650a3","0.11","false","false","near_mint","en","AUD","2026-06-05T13:28:33.411Z"
"spdr","binder","Suburban Sanctuary","SPM","Marvel's Spider-Man","185","normal","common","1","108514","467df77a-a99c-4cfd-9af4-502eaa2eb2e3","0.24","false","false","near_mint","en","AUD","2026-06-05T13:28:33.410Z"
"spdr","binder","Spider-Mobile","SPM","Marvel's Spider-Man","174","normal","uncommon","1","108595","f12664c0-d7cd-4acb-87db-cfa3c85f32a9","0.17","false","false","near_mint","en","AUD","2026-06-05T13:28:33.409Z"
"spdr","binder","Peter Parker's Camera","SPM","Marvel's Spider-Man","171","normal","rare","1","108515","47875dff-c046-4cb0-b1e3-f926cbe25b59","2.21","false","false","near_mint","en","AUD","2026-06-05T13:28:33.408Z"
"spdr","binder","Damage Control Crew","SPM","Marvel's Spider-Man","99","normal","uncommon","2","108565","ad2cab87-691d-44fe-ab2f-33760b1feb0f","0.28","false","false","near_mint","en","AUD","2026-06-05T13:28:33.405Z"
"spdr","binder","Steel Wrecking Ball","SPM","Marvel's Spider-Man","177","normal","common","2","108453","7f2c74f5-1cfe-4918-a86b-0d58ac8b7469","0.19","false","false","near_mint","en","AUD","2026-06-05T13:28:33.398Z"
"spdr","binder","Forest","SPM","Marvel's Spider-Man","193","normal","common","1","107869","7b6c2532-be5a-4f1f-893c-36bcda2a699d","0.5","false","false","near_mint","en","AUD","2026-06-05T13:28:33.396Z"
"spdr","binder","Spectacular Tactics","SPM","Marvel's Spider-Man","15","normal","common","1","107648","836b4246-f1f2-4495-8664-650dda70ed4f","0.29","false","false","near_mint","en","AUD","2026-06-05T13:28:33.395Z"
"spdr","binder","Spinneret and Spiderling","SPM","Marvel's Spider-Man","94","normal","rare","1","108560","a27834b7-e763-48ac-845e-ed49f2fa6c6d","0.39","false","false","near_mint","en","AUD","2026-06-05T13:28:33.394Z"
"spdr","binder","Wisecrack","SPM","Marvel's Spider-Man","98","normal","uncommon","2","108648","8f452dac-bf22-4010-8a10-3c1cfa7d4df6","0.12","false","false","near_mint","en","AUD","2026-06-05T13:28:33.393Z"
"spdr","binder","Morbius the Living Vampire","SPM","Marvel's Spider-Man","137","normal","uncommon","1","108657","b978d0e2-f5a7-4ade-befc-11b406e84477","0.31","false","false","near_mint","en","AUD","2026-06-05T13:28:33.392Z"
"spdr","binder","Spider-Man No More","SPM","Marvel's Spider-Man","45","normal","common","1","108642","72dbab11-96ed-43db-8b59-ceca47c8cd22","0.17","false","false","near_mint","en","AUD","2026-06-05T13:28:33.390Z"
"spdr","binder","Mysterio's Phantasm","SPM","Marvel's Spider-Man","38","normal","common","2","108643","79aa0a78-80a2-44be-8a79-92bcba9c040f","0.18","false","false","near_mint","en","AUD","2026-06-05T13:28:33.388Z"
"spdr","binder","Kraven's Cats","SPM","Marvel's Spider-Man","104","normal","common","1","107649","86c415d8-1d2d-4339-955b-0f2aebeb3c95","0.14","false","false","near_mint","en","AUD","2026-06-05T13:28:33.385Z"
"spdr","binder","Hide on the Ceiling","SPM","Marvel's Spider-Man","32","normal","rare","1","108541","7977e448-01fa-4fa5-a275-0d6a1357b35c","2.12","false","false","near_mint","en","AUD","2026-06-05T13:28:33.380Z"
"spdr","binder","Parker Luck","SPM","Marvel's Spider-Man","60","normal","rare","1","108587","e375bcf0-7fcb-4fe4-a7e8-a4cbf9b23e3c","0.43","false","false","near_mint","en","AUD","2026-06-05T13:28:33.379Z"
"spdr","binder","Wraith, Vicious Vigilante","SPM","Marvel's Spider-Man","160","normal","uncommon","1","108523","5f46ed93-de6d-4180-9018-26ee07f75464","0.32","false","false","near_mint","en","AUD","2026-06-05T13:28:33.378Z"
"spdr","binder","Scorpion, Seething Striker","SPM","Marvel's Spider-Man","64","normal","uncommon","1","107675","cf407e08-b27f-42ba-b824-75846a80e238","0.2","false","false","near_mint","en","AUD","2026-06-05T13:28:33.377Z"
"spdr","binder","Hot Dog Cart","SPM","Marvel's Spider-Man","164","normal","common","3","108534","6ee3b883-e9f5-426f-a2ea-96fe9ff3aba9","0.32","false","false","near_mint","en","AUD","2026-06-05T13:28:33.375Z"
"spdr","binder","Common Crook","SPM","Marvel's Spider-Man","53","normal","common","1","108535","6f5872df-e692-44aa-b18d-22447f5f274c","0.27","false","false","near_mint","en","AUD","2026-06-05T13:28:33.373Z"
"spdr","binder","Spider-Rex, Daring Dino","SPM","Marvel's Spider-Man","116","normal","common","1","107636","5b6e0bea-f126-4adb-8808-901950a77c7b","0.22","false","false","near_mint","en","AUD","2026-06-05T13:28:33.372Z"
"spdr","binder","Beetle, Legacy Criminal","SPM","Marvel's Spider-Man","26","normal","common","1","107658","a194f930-c99f-4915-8a62-e20ab2b4ad1f","0.14","false","false","near_mint","en","AUD","2026-06-05T13:28:33.370Z"
"spdr","binder","City Pigeon","SPM","Marvel's Spider-Man","4","normal","common","1","108442","56d67fb4-5b23-432c-9ffb-39545035c117","0.29","false","false","near_mint","en","AUD","2026-06-05T13:28:33.369Z"
"spdr","binder","University Campus","SPM","Marvel's Spider-Man","186","normal","common","1","108624","2752f21c-f535-4772-a8b3-e97e1339e9c9","0.25","false","false","near_mint","en","AUD","2026-06-05T13:28:33.368Z"
"spdr","binder","Spider-Woman, Stunning Savior","SPM","Marvel's Spider-Man","152","normal","rare","1","108572","bc9b2a76-3cce-4fd0-a4ef-932747cb11b2","1.36","false","false","near_mint","en","AUD","2026-06-05T13:28:33.366Z"
"spdr","binder","Sandman's Quicksand","SPM","Marvel's Spider-Man","63","normal","uncommon","1","108570","b7795e17-6717-464c-9ae3-20da52ba005a","0.17","false","false","near_mint","en","AUD","2026-06-05T13:28:33.365Z"
"spdr","binder","Superior Foes of Spider-Man","SPM","Marvel's Spider-Man","96","normal","uncommon","1","108625","28e7bf86-5791-4412-8184-fa63fb292be4","0.17","false","false","near_mint","en","AUD","2026-06-05T13:28:33.364Z"
"spdr","binder","Sudden Strike","SPM","Marvel's Spider-Man","19","normal","uncommon","1","108641","6eea2718-93d2-4d83-9b5d-eb943a0f1d11","0.24","false","false","near_mint","en","AUD","2026-06-05T13:28:33.363Z"
"spdr","binder","Oscorp Research Team","SPM","Marvel's Spider-Man","40","normal","common","1","107662","a800ffb4-0c48-41eb-b221-cf1d855131d9","0.1","false","false","near_mint","en","AUD","2026-06-05T13:28:33.360Z"
"spdr","binder","Stegron the Dinosaur Man","SPM","Marvel's Spider-Man","95","normal","common","2","107631","485ceacb-fa76-4517-8466-c3c6bf6bcd6e","0.16","false","false","near_mint","en","AUD","2026-06-05T13:28:33.356Z"
"spdr","binder","Superior Spider-Man","SPM","Marvel's Spider-Man","155","normal","rare","2","108566","ad4adc3e-ec41-4406-8ff2-59ba8067cf4e","3.11","false","false","near_mint","en","AUD","2026-06-05T13:28:33.352Z"
"spdr","binder","Spider-Man Noir","SPM","Marvel's Spider-Man","67","normal","uncommon","1","107668","bc64366c-2691-48cd-bb4b-a4b088c6f16b","0.21","false","false","near_mint","en","AUD","2026-06-05T13:28:33.351Z"
"spdr","binder","Robotics Mastery","SPM","Marvel's Spider-Man","41","normal","uncommon","1","108578","d0e92939-6d86-44b4-8a43-1963e97a2bb3","0.27","false","false","near_mint","en","AUD","2026-06-05T13:28:33.349Z"
"spdr","binder","Wild Pack Squad","SPM","Marvel's Spider-Man","23","normal","common","2","107647","7b0eda7c-e44d-4d9b-9042-4a1eb8c4ed4a","0.08","false","false","near_mint","en","AUD","2026-06-05T13:28:33.345Z"
"spdr","binder","Merciless Enforcers","SPM","Marvel's Spider-Man","58","normal","common","2","107686","fba9c76c-1432-4554-88bd-3f5e8709a963","0.23","false","false","near_mint","en","AUD","2026-06-05T13:28:33.344Z"
"spdr","binder","Subway Train","SPM","Marvel's Spider-Man","178","normal","common","2","108552","96f869f7-db88-4580-82b7-8749a55e525c","0.13","false","false","near_mint","en","AUD","2026-06-05T13:28:33.343Z"
"spdr","binder","Taxi Driver","SPM","Marvel's Spider-Man","97","normal","common","1","107663","a80d3ed9-5e81-41b7-bb74-ab86cba841c8","0.17","false","false","near_mint","en","AUD","2026-06-05T13:28:33.342Z"
"spdr","binder","Doc Ock, Sinister Scientist","SPM","Marvel's Spider-Man","29","normal","common","2","107678","de16ad65-c8c3-48c0-9d13-5af91b4e6f01","0.15","false","false","near_mint","en","AUD","2026-06-05T13:28:33.341Z"
"spdr","binder","Swamp","SPM","Marvel's Spider-Man","196","normal","common","1","107661","a7150a6e-240f-4628-acdc-153d404370ff","0.34","false","false","near_mint","en","AUD","2026-06-05T13:28:33.340Z"
"spdr","binder","The Soul Stone","SPM","Marvel's Spider-Man","66","normal","mythic","1","107904","1982f910-a9bd-4e94-a187-84381b22aacc","111.53","false","false","near_mint","en","AUD","2026-06-05T13:28:33.338Z"
"spdr","binder","Ezekiel Sims, Spider-Totem","SPM","Marvel's Spider-Man","100","normal","uncommon","1","108571","bb7c3ae2-6b01-4472-8bd1-9a7456401ddc","0.25","false","false","near_mint","en","AUD","2026-06-05T13:28:33.336Z"
"spdr","binder","Shriek, Treblemaker","SPM","Marvel's Spider-Man","144","normal","uncommon","1","108615","01f1900e-b10f-47dd-8b3d-6913fa661186","0.17","false","false","near_mint","en","AUD","2026-06-05T13:28:33.335Z"
"spdr","binder","Spider-Bot","SPM","Marvel's Spider-Man","173","normal","common","1","107619","24df824a-c1d6-4f09-b866-313b31fec5fb","0.2","false","false","near_mint","en","AUD","2026-06-05T13:28:33.334Z"
"spdr","binder","Pumpkin Bombardment","SPM","Marvel's Spider-Man","139","normal","common","1","108559","a268ad73-9a1f-47d9-9a85-a4669a769c3d","0.2","false","false","near_mint","en","AUD","2026-06-05T13:28:33.333Z"
"spdr","binder","Scout the City","SPM","Marvel's Spider-Man","113","normal","common","1","107653","90b9504d-d23d-402f-8b16-1964ebd8f6b9","0.21","false","false","near_mint","en","AUD","2026-06-05T13:28:33.332Z"
"spdr","binder","Spider-Gwen, Free Spirit","SPM","Marvel's Spider-Man","90","normal","common","2","107626","3bc04fa7-6265-4549-91f6-eebdcd67398a","0.25","false","false","near_mint","en","AUD","2026-06-05T13:28:33.329Z"
"spdr","binder","Amazing Acrobatics","SPM","Marvel's Spider-Man","25","normal","common","2","108554","9a2f6d84-3d83-4f48-9906-11f681171930","0.3","false","false","near_mint","en","AUD","2026-06-05T13:28:33.328Z"
"spdr","binder","Thwip!","SPM","Marvel's Spider-Man","20","normal","common","2","107666","b2dac88e-1204-4640-94ce-e1aff434ea06","0.22","false","false","near_mint","en","AUD","2026-06-05T13:28:33.327Z"
"spdr","binder","Guy in the Chair","SPM","Marvel's Spider-Man","102","normal","common","2","107641","65e97c06-55a6-4841-be0f-055c015df90a","0.17","false","false","near_mint","en","AUD","2026-06-05T13:28:33.330Z"
"spdr","binder","Venom's Hunger","SPM","Marvel's Spider-Man","73","normal","common","3","107611","01d276cd-e4ad-488f-8447-004aefad1ebb","0.2","false","false","near_mint","en","AUD","2026-06-05T13:28:33.331Z"
"spdr","binder","Passenger Ferry","SPM","Marvel's Spider-Man","170","normal","common","3","108493","2495f477-b88c-4938-a86a-f72c3c861188","0.17","false","false","near_mint","en","AUD","2026-06-05T13:28:33.339Z"
"spdr","binder","Eerie Gravestone","SPM","Marvel's Spider-Man","163","normal","common","3","107646","7675e91f-dba7-4e64-a7ff-1dd56665a4cc","0.2","false","false","near_mint","en","AUD","2026-06-05T13:28:33.346Z"
"spdr","binder","Spider-Islanders","SPM","Marvel's Spider-Man","91","normal","common","2","107672","c9132e45-4ddb-4565-ac45-86f1ecc6230d","0.08","false","false","near_mint","en","AUD","2026-06-05T13:28:33.348Z"
"spdr","binder","Daily Bugle Building","SPM","Marvel's Spider-Man","179","normal","uncommon","3","108449","669bbcb1-0981-40e7-905e-b94e74bc4861","0.38","false","false","near_mint","en","AUD","2026-06-05T13:28:33.350Z"
"spdr","binder","Sinister Hideout","SPM","Marvel's Spider-Man","184","normal","common","3","108622","23190d7e-5165-49bd-b307-bf81877d228d","0.23","false","false","near_mint","en","AUD","2026-06-05T13:28:33.354Z"
"spdr","binder","Whoosh!","SPM","Marvel's Spider-Man","48","normal","common","2","107673","ccc05deb-ad8d-4fae-a7a4-2b2a118fc696","0.22","false","false","near_mint","en","AUD","2026-06-05T13:28:33.355Z"
"spdr","binder","Venom, Evil Unleashed","SPM","Marvel's Spider-Man","71","normal","common","2","107664","ab3d51a4-40f0-4606-b5f9-2686c12fd54b","0.2","false","false","near_mint","en","AUD","2026-06-05T13:28:33.358Z"
"spdr","binder","News Helicopter","SPM","Marvel's Spider-Man","169","normal","common","2","108489","15717af0-30cd-4417-947a-c27cca06d93a","0.08","false","false","near_mint","en","AUD","2026-06-05T13:28:33.389Z"
"spdr","binder","Skyward Spider","SPM","Marvel's Spider-Man","146","normal","common","2","108599","f5cbb580-cd02-4c60-acb7-b7ed1f1fce59","0.28","false","false","near_mint","en","AUD","2026-06-05T13:28:33.403Z"
"spdr","binder","Aunt May","SPM","Marvel's Spider-Man","3","normal","uncommon","1","107665","ad96343b-baac-428c-8270-fcffbbbe9fb8","0.37","false","false","near_mint","en","AUD","2026-06-09T12:24:40.265Z"
"spdr","binder","Cheering Crowd","SPM","Marvel's Spider-Man","126","normal","rare","1","108524","5fbce72f-e9a1-4d9f-b9b3-24dbafeef841","0.31","false","false","near_mint","en","AUD","2026-06-09T12:24:40.264Z"
"spdr","binder","Parallel Lives","MAR","Marvel Universe","36","normal","mythic","1","108483","0c9c514f-f506-4b2c-af58-79922834cde7","37.12","false","false","near_mint","en","AUD","2026-06-09T12:24:40.263Z"
"spdr","binder","Costume Closet","SPM","Marvel's Spider-Man","5","normal","uncommon","1","108466","cc641f4a-ddbe-4f7d-bb55-eabf11f8b7fb","0.3","false","false","near_mint","en","AUD","2026-06-09T12:24:40.262Z"
"spdr","binder","Spider-Slayer, Hatred Honed","SPM","Marvel's Spider-Man","175","normal","uncommon","1","108655","ac37ca6f-a6ee-4dfb-949f-2562f98d09d0","0.2","false","false","near_mint","en","AUD","2026-06-09T12:24:40.261Z"
"spdr","binder","Flying Octobot","SPM","Marvel's Spider-Man","31","normal","uncommon","1","107681","ebadcd4a-f58f-4328-a765-0ea8d8028417","0.18","false","false","near_mint","en","AUD","2026-06-09T12:24:40.260Z"
"spdr","binder","Risky Research","SPM","Marvel's Spider-Man","62","normal","common","1","107617","1f8aa705-6177-42e9-95cb-e7f880c186e3","0.21","false","false","near_mint","en","AUD","2026-06-09T12:24:40.257Z"
"spdr","binder","Grow Extra Arms","SPM","Marvel's Spider-Man","101","normal","common","1","107640","63fab399-00db-4398-922e-c3ca3356731a","0.21","false","false","near_mint","en","AUD","2026-06-09T12:24:40.255Z"
"spdr","binder","Gwen Stacy // Ghost-Spider","SPM","Marvel's Spider-Man","78","normal","mythic","1","107878","b0f1597f-1dc7-465e-8fcb-0afe61bcca46","3.82","false","false","near_mint","en","AUD","2026-06-09T12:43:50.358Z"
"spdr","binder","Doc Ock's Tentacles","SPM","Marvel's Spider-Man","162","normal","rare","1","108605","fed9547c-9d0d-4e62-9639-887ed09231a2","0.48","false","false","near_mint","en","AUD","2026-06-09T12:43:50.357Z"
"spdr","binder","Rhino, Barreling Brute","SPM","Marvel's Spider-Man","140","normal","uncommon","1","108440","4b8ac400-1e98-49fc-94be-00386d15f2ae","0.18","false","false","near_mint","en","AUD","2026-06-09T12:43:50.356Z"
"spdr","binder","Chameleon, Master of Disguise","SPM","Marvel's Spider-Man","27","normal","uncommon","1","108511","43892ce7-f63a-4294-922b-8f879f684033","2.1","false","false","near_mint","en","AUD","2026-06-09T12:43:50.355Z"
"spdr","binder","Molten Man, Inferno Incarnate","SPM","Marvel's Spider-Man","84","normal","uncommon","1","108598","f469d621-25d0-4d8e-909f-47dac0b9c5b0","0.14","false","false","near_mint","en","AUD","2026-06-09T12:43:50.354Z"
"spdr","binder","Mob Lookout","SPM","Marvel's Spider-Man","136","normal","common","1","108585","e0e3b660-d391-454b-ba57-bff4ddcf27b7","0.18","false","false","near_mint","en","AUD","2026-06-09T12:43:50.353Z"
"spdr","binder","Savage Beating","MAR","Marvel Universe","26","normal","mythic","1","108496","291ffa45-f395-420f-8862-9a685b65ce69","11.82","false","false","near_mint","en","AUD","2026-06-12T12:54:44.841Z"
"spdr","binder","Sensational Spider-Man","SPE","Marvel's Spider-Man Eternal","25","normal","rare","1","103981","7a938fa9-cba2-4773-9be9-db1e37aa001f","4.36","false","false","near_mint","en","AUD","2026-06-12T12:54:44.840Z"
"spdr","binder","Biorganic Carapace","SPM","Marvel's Spider-Man","124","normal","rare","1","108649","9658fdab-9702-4e13-bc53-01a25a2ed41a","0.4","false","false","near_mint","en","AUD","2026-06-12T12:54:44.839Z"
"spdr","binder","Jackal, Genius Geneticist","SPM","Marvel's Spider-Man","131","normal","rare","1","108659","c0ab07d6-b7c3-4129-9aef-cfdcfabec4b2","0.29","false","false","near_mint","en","AUD","2026-06-12T12:54:44.838Z"
"spdr","binder","Island","SPM","Marvel's Spider-Man","190","normal","common","1","107884","d59cb0b5-fd4f-4dde-a69f-7ca6aa12b89f","0.46","false","false","near_mint","en","AUD","2026-06-12T12:54:44.836Z"
"spdr","binder","Supportive Parents","SPM","Marvel's Spider-Man","119","normal","uncommon","2","108580","d3fe8a5b-4166-46cc-b910-71cd1a19ae1b","0.3","false","false","near_mint","en","AUD","2026-06-12T12:54:44.833Z"
"spdr","binder","Spiders-Man, Heroic Horde","SPM","Marvel's Spider-Man","117","normal","uncommon","1","108487","1183262e-1f02-46b3-8cfa-fe30e0016c11","0.36","false","false","near_mint","en","AUD","2026-06-12T12:54:44.832Z"
"spdr","binder","Romantic Rendezvous","SPM","Marvel's Spider-Man","86","normal","common","2","107624","38120361-153f-414e-8a45-f86bb2e35a17","0.31","false","false","near_mint","en","AUD","2026-06-12T12:54:44.829Z"
"spdr","binder","Eddie Brock // Venom, Lethal Protector","SPM","Marvel's Spider-Man","224","normal","mythic","1","108431","1a172a40-7758-43ca-861b-8375a94d329e","4.57","false","false","near_mint","en","AUD","2026-06-21T13:00:37.109Z"
"spdr","binder","Villainous Wrath","SPM","Marvel's Spider-Man","74","normal","rare","1","108664","d78e36fd-5817-4c4a-8880-dabe6dd4ba81","1.38","false","false","near_mint","en","AUD","2026-06-21T13:00:37.108Z"
"spdr","binder","Secret Identity","SPM","Marvel's Spider-Man","43","normal","uncommon","1","108632","37a31d84-e87b-406e-9249-fae1b5e23e72","0.31","false","false","near_mint","en","AUD","2026-06-21T13:00:37.107Z"
"strixhaven","binder","Embrace the Paradox","SOS","Secrets of Strixhaven","186","normal","common","1","112679","c0cf5e0f-3668-46f2-850d-d91a538e8ead","0.22","false","false","near_mint","en","AUD","2026-07-06T13:53:51.054Z"
"strixhaven","binder","Mage Tower Referee","SOS","Secrets of Strixhaven","249","normal","common","2","112568","1ceb704a-97a8-49f9-b799-30f001404144","0.2","false","false","near_mint","en","AUD","2026-07-06T13:53:51.053Z"
"strixhaven","binder","Growth Curve","SOS","Secrets of Strixhaven","193","normal","uncommon","1","112325","1675a445-86ae-413b-b95a-a1c254a7f252","0.4","false","false","near_mint","en","AUD","2026-07-06T13:53:51.051Z"
"strixhaven","binder","End of the Hunt","SOS","Secrets of Strixhaven","81","normal","uncommon","1","112320","0809b51a-6a05-4f18-9bf4-1b8382da648f","0.3","false","false","near_mint","en","AUD","2026-07-06T13:53:51.050Z"
"strixhaven","binder","Comforting Counsel","SOS","Secrets of Strixhaven","143","normal","rare","1","112612","5223a04f-6b47-4379-80ce-8489c4a91734","0.45","false","false","near_mint","en","AUD","2026-07-06T13:53:51.049Z"
"strixhaven","binder","Bulk Up","SOA","Secrets of Strixhaven Mystical Archive","40","normal","uncommon","3","112533","e86fcad5-8150-4a76-b27e-47a9f05745c1","0.42","false","false","near_mint","en","AUD","2026-07-06T13:53:51.048Z"
"strixhaven","binder","Fractal Mascot","SOS","Secrets of Strixhaven","189","normal","common","1","111745","cf5b19e3-eed1-4b36-9756-660ffb3baa08","0.23","false","false","near_mint","en","AUD","2026-07-06T13:53:51.047Z"
"strixhaven","binder","Cost of Brilliance","SOS","Secrets of Strixhaven","77","normal","common","4","112594","3a46816b-9f75-4c72-9ec6-cded6a4a0d01","0.22","false","false","near_mint","en","AUD","2026-07-06T13:53:51.046Z"
"strixhaven","binder","Procrastinate","SOS","Secrets of Strixhaven","64","normal","common","1","111692","1edb449d-620f-4e21-9d76-2c840635eb9d","0.2","false","false","near_mint","en","AUD","2026-07-06T13:53:51.044Z"
"strixhaven","binder","Rancorous Archaic","SOS","Secrets of Strixhaven","2","normal","common","3","111695","2565e16a-ed31-4867-adb8-f1633d580397","0.09","false","false","near_mint","en","AUD","2026-07-06T13:53:51.041Z"
"strixhaven","binder","Bogwater Lumaret","SOS","Secrets of Strixhaven","177","normal","common","1","111650","7a42f51a-3377-47bb-b6fb-c0515bf1dcfb","0.32","false","false","near_mint","en","AUD","2026-07-06T13:53:51.040Z"
"strixhaven","binder","Pestbrood Sloth","SOS","Secrets of Strixhaven","157","normal","uncommon","1","112680","c1251ae6-2f19-4f84-ab02-6a6cc7ce6056","0.26","false","false","near_mint","en","AUD","2026-07-06T13:53:51.039Z"
"strixhaven","binder","Practiced Scrollsmith","SOS","Secrets of Strixhaven","210","normal","uncommon","1","112289","40075e3f-58b3-47fd-8fbe-4b301e9ce7a1","0.35","false","false","near_mint","en","AUD","2026-07-06T13:53:51.038Z"
"strixhaven","binder","Brush Off","SOS","Secrets of Strixhaven","39","normal","uncommon","2","112323","151eab82-d20f-433b-b3bb-1d44e2871d5c","0.35","false","false","near_mint","en","AUD","2026-07-06T13:53:51.037Z"
"strixhaven","binder","Witherbloom Charm","SOS","Secrets of Strixhaven","244","normal","uncommon","1","111694","254437f7-7a8a-4b11-9cea-e8e7ea23c59e","0.52","false","false","near_mint","en","AUD","2026-07-06T13:53:51.036Z"
"strixhaven","binder","Monstrous Rage","SOA","Secrets of Strixhaven Mystical Archive","45","normal","uncommon","1","112439","4b2e000b-a147-443b-9138-9ff2d16c0422","0.39","false","false","near_mint","en","AUD","2026-07-06T13:53:51.035Z"
"strixhaven","binder","Talisman of Creativity","SOC","Secrets of Strixhaven Commander","429","foil","mythic","1","110975","a267b55c-3f77-4cf9-83ee-f2c0bf3b5549","11.62","false","false","near_mint","en","AUD","2026-07-06T13:53:51.033Z"
"strixhaven","binder","Talisman of Curiosity","SOC","Secrets of Strixhaven Commander","430","foil","mythic","1","110966","30e1d7e2-e1a5-443c-86c4-ff4e18933853","4.44","false","false","near_mint","en","AUD","2026-07-06T13:53:51.032Z"
"strixhaven","binder","Forest","SOS","Secrets of Strixhaven","271","normal","common","1","111795","46196e8f-9339-4f00-b9cf-cab8f9abc80e","0.74","false","false","near_mint","en","AUD","2026-07-06T13:53:51.031Z"
"strixhaven","binder","Island","SOS","Secrets of Strixhaven","274","normal","common","1","111979","77b88bb8-6bd9-4632-b937-89468fcb5e6a","0.23","false","false","near_mint","en","AUD","2026-07-06T13:53:51.030Z"
"strixhaven","binder","Skycoach Waypoint","SOS","Secrets of Strixhaven","261","normal","uncommon","1","111708","6747657b-5ce4-4dbd-b924-ca1f7119faf7","0.32","false","false","near_mint","en","AUD","2026-07-06T13:53:51.028Z"
"strixhaven","binder","Sundown Pass","SOS","Secrets of Strixhaven","264","normal","rare","1","111735","b34000e9-ff20-4fb4-9d0b-03a172a92457","2.98","false","false","near_mint","en","AUD","2026-07-06T13:53:51.026Z"
"strixhaven","binder","Swamp","SOS","Secrets of Strixhaven","277","normal","common","1","111898","36af939c-11d9-43a5-bd69-c915a62e972b","0.25","false","false","near_mint","en","AUD","2026-07-06T13:53:51.025Z"
"strixhaven","binder","Island","SOS","Secrets of Strixhaven","268","normal","common","2","111726","937250fe-bcad-4ff8-9406-286a69db7e0a","1.18","false","false","near_mint","en","AUD","2026-07-06T13:53:51.024Z"
"strixhaven","binder","Mountain","SOS","Secrets of Strixhaven","270","normal","common","1","111710","6af1f1db-eb91-4297-83f6-9318b87fd220","0.95","false","false","near_mint","en","AUD","2026-07-06T13:53:51.023Z"
"strixhaven","binder","Dreamroot Cascade","SOS","Secrets of Strixhaven","254","normal","rare","1","111765","ef662b92-5a7f-48c9-bcc1-14b55e091aef","1.43","false","false","near_mint","en","AUD","2026-07-06T13:53:51.022Z"
"strixhaven","binder","Turbulent Fen","SOC","Secrets of Strixhaven Commander","55","normal","rare","1","112042","9737159b-256c-4004-ba5f-0417c35e1b30","9.67","false","false","near_mint","en","AUD","2026-07-06T13:53:51.021Z"
"strixhaven","binder","Titan's Grave","SOS","Secrets of Strixhaven","266","normal","common","2","112068","a9ab41c8-3ee2-4676-9b8b-20c34d9f5f21","0.17","false","false","near_mint","en","AUD","2026-07-06T13:53:51.027Z"
"strixhaven","binder","Graduation Day","SOS","Secrets of Strixhaven","16","normal","uncommon","2","111755","db1cea01-123e-4b23-8b98-f94cabce3912","0.36","false","false","near_mint","en","AUD","2026-07-06T13:53:51.034Z"
"strixhaven","binder","Zealous Lorecaster","SOS","Secrets of Strixhaven","137","normal","common","3","112590","36ab2130-9f21-4d30-873a-aa72d3d15fa8","0.14","false","false","near_mint","en","AUD","2026-07-06T13:53:51.042Z"
"strixhaven","binder","Owlin Historian","SOS","Secrets of Strixhaven","24","normal","common","3","112620","5fe99be0-e1ec-485e-82f8-02eba7b82441","0.13","false","false","near_mint","en","AUD","2026-07-06T13:53:51.045Z"
"strixhaven","binder","Preordain","SOA","Secrets of Strixhaven Mystical Archive","86","normal","rare","1","112554","f40fc56b-84ae-4797-95bf-4bdd2bc5bf75","14.09","false","false","near_mint","en","AUD","2026-07-06T14:02:56.273Z"
"strixhaven","binder","Noxious Newt","SOS","Secrets of Strixhaven","155","normal","common","1","112593","3a028306-c5d7-4f8f-b6f4-0d103fd47000","0.37","false","false","near_mint","en","AUD","2026-07-06T14:02:56.271Z"
"strixhaven","binder","Ancestral Anger","SOS","Secrets of Strixhaven","106","normal","common","1","112627","6c5a93d6-d4ab-4062-bb3c-1b5330bf15ad","0.29","false","false","near_mint","en","AUD","2026-07-06T14:02:56.270Z"
"strixhaven","binder","Foolish Fate","SOS","Secrets of Strixhaven","83","normal","uncommon","1","112693","d278f4c9-d20b-4a76-8c5c-4d3e985948b9","0.29","false","false","near_mint","en","AUD","2026-07-06T14:02:56.269Z"
"strixhaven","binder","Stirring Honormancer","SOS","Secrets of Strixhaven","234","normal","uncommon","1","112709","ee84b04d-78fc-416f-9166-72e5417c3e17","0.19","false","false","near_mint","en","AUD","2026-07-06T14:02:56.268Z"
"strixhaven","binder","Shared Roots","SOA","Secrets of Strixhaven Mystical Archive","58","normal","uncommon","1","112432","3aeb1fe1-3ff3-466c-9eda-b8747702734c","0.74","false","false","near_mint","en","AUD","2026-07-06T14:02:56.266Z"
"strixhaven","binder","Royal Treatment","SOA","Secrets of Strixhaven Mystical Archive","56","normal","uncommon","1","112412","009bad41-5e96-4bb3-9f5e-66500fb8af29","0.32","false","false","near_mint","en","AUD","2026-07-06T14:02:56.265Z"
"strixhaven","binder","Magmablood Archaic","SOS","Secrets of Strixhaven","123","normal","rare","1","112344","4d611278-9948-4345-b4dd-aa6eaf21b233","0.35","false","false","near_mint","en","AUD","2026-07-06T14:02:56.264Z"
"strixhaven","binder","Herald of Amity","SOC","Secrets of Strixhaven Commander","15","normal","rare","1","111835","0a36fe06-225f-44c6-b608-452344e3585a","0.36","false","false","near_mint","en","AUD","2026-07-06T14:02:56.263Z"
"strixhaven","binder","Stirring Hopesinger","SOS","Secrets of Strixhaven","35","normal","rare","2","112425","21375667-b318-47f8-a482-9c8c2b5b14c0","0.5","false","false","near_mint","en","AUD","2026-07-06T14:02:56.262Z"
"strixhaven","binder","Pongify","SOA","Secrets of Strixhaven Mystical Archive","20","normal","rare","1","112346","5780936e-629d-4737-9005-651234f5426d","3.14","false","false","near_mint","en","AUD","2026-07-06T14:02:56.261Z"
"strixhaven","binder","Ark of Hunger","SOS","Secrets of Strixhaven","173","normal","rare","1","112311","79d01c19-162b-4a12-9e27-18366d95eaa0","0.52","false","false","near_mint","en","AUD","2026-07-06T14:02:56.260Z"
"strixhaven","binder","Burrog Banemaker","SOS","Secrets of Strixhaven","75","normal","common","1","112599","3e4f9d23-1a17-4188-ac91-f8ddea46a1c4","0.25","false","false","near_mint","en","AUD","2026-07-06T14:02:56.257Z"
"strixhaven","binder","Shattered Acolyte","SOS","Secrets of Strixhaven","31","normal","common","1","111659","dc0517ca-b271-49a1-a286-c20f4e5b9309","0.26","false","false","near_mint","en","AUD","2026-07-06T14:02:56.256Z"
"strixhaven","binder","Inkshape Demonstrator","SOS","Secrets of Strixhaven","21","normal","uncommon","1","112505","bcfac992-9984-4529-b9ff-a42d58832b34","0.12","false","false","near_mint","en","AUD","2026-07-06T14:02:56.255Z"
"strixhaven","binder","Fractal Tender","SOS","Secrets of Strixhaven","190","normal","uncommon","1","112314","ea7f5262-4ddb-410a-be72-4bac6af9b4ec","0.3","false","false","near_mint","en","AUD","2026-07-06T14:02:56.254Z"
"strixhaven","binder","Divergent Equation","SOS","Secrets of Strixhaven","43","normal","uncommon","1","112327","26295e25-f1bf-4665-ba00-dad35c49bbc2","0.32","false","false","near_mint","en","AUD","2026-07-06T14:02:56.253Z"
"strixhaven","binder","Bitter Triumph","SOA","Secrets of Strixhaven Mystical Archive","26","normal","uncommon","1","112527","db465858-0593-4850-8f1d-400fe230a18d","0.46","false","false","near_mint","en","AUD","2026-07-06T14:02:56.252Z"
"strixhaven","binder","Zaffai and the Tempests","SOS","Secrets of Strixhaven","246","normal","rare","1","112236","5bdbf507-6fd7-49f6-b437-8f2ce2d0eb0f","0.32","false","false","near_mint","en","AUD","2026-07-06T14:02:56.250Z"
"strixhaven","binder","Glorious Decay","SOS","Secrets of Strixhaven","150","normal","common","1","112657","a335f396-1004-4fee-842a-a35ff6ba17f2","0.2","false","false","near_mint","en","AUD","2026-07-06T14:02:56.249Z"
"strixhaven","binder","Traumatic Critique","SOS","Secrets of Strixhaven","239","normal","rare","1","112221","2a812fa7-4599-4e25-97db-20ffc6bc0b26","0.88","false","false","near_mint","en","AUD","2026-07-06T14:02:56.248Z"
"strixhaven","binder","Studious First-Year // Rampant Growth","SOS","Secrets of Strixhaven","162","normal","common","1","111693","24f888dd-785c-4089-a89c-03f9080130ed","0.42","false","false","near_mint","en","AUD","2026-07-06T14:02:56.247Z"
"strixhaven","binder","Interjection","SOS","Secrets of Strixhaven","22","normal","common","1","112560","0534cff6-299c-4155-b318-eb7581989e8a","0.19","false","false","near_mint","en","AUD","2026-07-06T14:02:56.245Z"
"strixhaven","binder","Deluge Virtuoso","SOS","Secrets of Strixhaven","42","normal","common","1","112222","2e3b16ed-8727-48fd-8b1f-c0cbd329385e","0.22","false","false","near_mint","en","AUD","2026-07-06T14:02:56.244Z"
"strixhaven","binder","Emil, Vastlands Roamer","SOS","Secrets of Strixhaven","146","normal","uncommon","1","112589","3654416d-8558-4af2-9e10-18dbc8f2b376","0.37","false","false","near_mint","en","AUD","2026-07-06T14:02:56.242Z"
"strixhaven","binder","Blazing Firesinger // Seething Song","SOS","Secrets of Strixhaven","109","normal","uncommon","1","112595","3ba971e7-0b7a-4750-896f-7cf063e66b2a","0.46","false","false","near_mint","en","AUD","2026-07-06T14:02:56.241Z"
"strixhaven","binder","Spiritcall Enthusiast // Scrollboost","SOS","Secrets of Strixhaven","33","normal","uncommon","1","112300","c0b85569-2cb3-4b64-b0fe-418195c4dab0","0.25","false","false","near_mint","en","AUD","2026-07-06T14:02:56.240Z"
"strixhaven","binder","Suspend Aggression","SOS","Secrets of Strixhaven","236","normal","rare","1","112282","135c0696-d86d-4e48-988c-5c218de451fc","0.35","false","false","near_mint","en","AUD","2026-07-06T14:02:56.239Z"
"strixhaven","binder","Geometer's Arthropod","SOS","Secrets of Strixhaven","300","normal","rare","1","112367","9278cfc3-7dcb-4b84-8646-4fb745fece9e","0.91","false","false","near_mint","en","AUD","2026-07-06T14:02:56.238Z"
"strixhaven","binder","Duty Beyond Death","SOA","Secrets of Strixhaven Mystical Archive","4","normal","uncommon","1","111803","6f8f8183-d17a-41b8-b3b5-914f193fd964","0.52","false","false","near_mint","en","AUD","2026-07-06T14:02:56.237Z"
"strixhaven","binder","Blech, Loafing Pest","SOS","Secrets of Strixhaven","298","normal","rare","1","112705","df4fa3ab-30e3-4e82-a8b8-4fbaeab7870b","3.29","false","false","near_mint","en","AUD","2026-07-06T14:02:56.236Z"
"strixhaven","binder","Pull from the Grave","SOS","Secrets of Strixhaven","95","normal","common","1","111658","d73612fe-8992-4650-a7e3-c7b662da6a03","0.26","false","false","near_mint","en","AUD","2026-07-06T14:02:56.233Z"
"strixhaven","binder","Imperious Inkmage","SOS","Secrets of Strixhaven","195","normal","common","1","112695","d5df1c3f-2536-4476-b8cd-34b026c38366","0.2","false","false","near_mint","en","AUD","2026-07-06T14:02:56.228Z"
"strixhaven","binder","Daydream","SOS","Secrets of Strixhaven","9","normal","uncommon","1","112304","e2b16cb2-b8b2-45df-9695-3c16e9d89e28","0.52","false","false","near_mint","en","AUD","2026-07-06T14:02:56.227Z"
"strixhaven","binder","Fractal Anomaly","SOS","Secrets of Strixhaven","50","normal","uncommon","1","112303","e1975a61-aef0-49a6-a6d6-c3a37e2e2b22","0.27","false","false","near_mint","en","AUD","2026-07-06T14:02:56.226Z"
"strixhaven","binder","Strixhaven Skycoach","SOS","Secrets of Strixhaven","252","normal","uncommon","1","112469","87741fbb-b426-4f83-a358-587b0907f081","0.29","false","false","near_mint","en","AUD","2026-07-06T14:02:56.225Z"
"strixhaven","binder","Cauldron of Essence","SOS","Secrets of Strixhaven","179","normal","rare","1","112501","b7091740-e70c-4cf2-8d3d-b8e1ac1fbbdd","4.25","false","false","near_mint","en","AUD","2026-07-06T14:02:56.224Z"
"strixhaven","binder","Chelonian Tackle","SOS","Secrets of Strixhaven","142","normal","uncommon","1","112659","a82a4d8c-4105-4923-85a2-ef58241f725c","0.29","false","false","near_mint","en","AUD","2026-07-06T14:02:56.222Z"
"strixhaven","binder","Paradox Gardens","SOS","Secrets of Strixhaven","258","normal","common","1","112152","dbc3447e-1329-4ea1-b4ca-b321b0ffec8f","0.22","false","false","near_mint","en","AUD","2026-07-06T14:02:56.221Z"
"strixhaven","binder","Page, Loose Leaf","SOS","Secrets of Strixhaven","250","normal","common","1","112642","8c6fecfd-8241-4cf0-b1eb-19472b99e0ed","0.3","false","false","near_mint","en","AUD","2026-07-06T14:02:56.216Z"
"strixhaven","binder","Elemental Mascot","SOS","Secrets of Strixhaven","185","normal","common","1","111741","c507eb1c-48e9-4d28-bb2d-71f2a9df9ab0","0.16","false","false","near_mint","en","AUD","2026-07-06T14:02:56.215Z"
"strixhaven","binder","Prismari Charm","SOS","Secrets of Strixhaven","211","normal","uncommon","1","111723","8f6c2a5e-fe13-407c-aadd-c9caf2884ff1","0.46","false","false","near_mint","en","AUD","2026-07-06T14:02:56.213Z"
"strixhaven","binder","Quill-Blade Laureate // Twofold Intent","SOS","Secrets of Strixhaven","27","normal","uncommon","1","112450","62a47835-5719-48c4-a740-a0c5f00dce11","0.23","false","false","near_mint","en","AUD","2026-07-06T14:02:56.212Z"
"strixhaven","binder","Tragedy Feaster","SOS","Secrets of Strixhaven","293","normal","rare","1","112494","ae9009fa-4b52-422d-8ff3-f699089249d8","0.91","false","false","near_mint","en","AUD","2026-07-06T14:02:56.211Z"
"strixhaven","binder","Expressive Firedancer","SOS","Secrets of Strixhaven","114","normal","common","1","112286","259b8c45-6241-4206-a34e-34c7f401f47b","0.12","false","false","near_mint","en","AUD","2026-07-06T14:02:56.209Z"
"strixhaven","binder","Seize the Spoils","SOS","Secrets of Strixhaven","129","normal","common","1","111928","4ddf4e34-a1f9-4636-942d-0a08e9f94320","0.33","false","false","near_mint","en","AUD","2026-07-06T14:02:56.208Z"
"strixhaven","binder","Hungry Graffalon","SOS","Secrets of Strixhaven","151","normal","common","1","112557","030b1272-5990-4bc9-8fc1-82cc05602060","0.1","false","false","near_mint","en","AUD","2026-07-06T14:02:56.207Z"
"strixhaven","binder","Sneering Shadewriter","SOS","Secrets of Strixhaven","101","normal","common","1","112608","4b4c120e-abe9-4f11-a7e4-bc3f723da4b2","0.26","false","false","near_mint","en","AUD","2026-07-06T14:02:56.206Z"
"strixhaven","binder","Elite Interceptor // Rejoinder","SOS","Secrets of Strixhaven","12","normal","common","1","112577","2970683e-e69c-42cb-a067-34abd56fb42b","0.22","false","false","near_mint","en","AUD","2026-07-06T14:02:56.205Z"
"strixhaven","binder","Chase Inspiration","SOS","Secrets of Strixhaven","41","normal","common","1","112562","06f9f257-c7ef-44b7-8b2b-f038fba900af","0.22","false","false","near_mint","en","AUD","2026-07-06T14:02:56.204Z"
"strixhaven","binder","Stadium Tidalmage","SOS","Secrets of Strixhaven","232","normal","common","1","112658","a689289e-7141-4950-8a87-82e9bd6846fe","0.14","false","false","near_mint","en","AUD","2026-07-06T14:02:56.203Z"
"strixhaven","binder","Mind Roots","SOS","Secrets of Strixhaven","203","normal","uncommon","1","112655","9d5fdbda-ebbe-45d6-a668-5ddee057a063","0.3","false","false","near_mint","en","AUD","2026-07-06T14:02:56.202Z"
"strixhaven","binder","Duel Tactics","SOS","Secrets of Strixhaven","112","normal","uncommon","1","111722","8f3a1675-0cc7-4dfd-a12e-4740a2cf81e8","0.14","false","false","near_mint","en","AUD","2026-07-06T14:02:56.201Z"
"strixhaven","binder","Orysa, Tide Choreographer","SOS","Secrets of Strixhaven","62","normal","uncommon","1","112212","010ed379-63f5-452c-9cd4-00d51647c0e3","0.25","false","false","near_mint","en","AUD","2026-07-06T14:02:56.200Z"
"strixhaven","binder","Snooping Page","SOS","Secrets of Strixhaven","227","normal","uncommon","1","112459","73d06987-8686-461b-b260-9a4fee6a3b32","0.23","false","false","near_mint","en","AUD","2026-07-06T14:02:56.199Z"
"strixhaven","binder","Conciliator's Duelist","SOS","Secrets of Strixhaven","182","normal","rare","1","111758","e225929b-6197-4550-969e-3c4a97206a68","0.4","false","false","near_mint","en","AUD","2026-07-06T14:02:56.198Z"
"strixhaven","binder","Tenured Concocter","SOS","Secrets of Strixhaven","163","normal","common","1","112592","376c8b7d-1c90-47e1-bd01-e4c67f3fc4fc","0.1","false","false","near_mint","en","AUD","2026-07-06T14:02:56.194Z"
"strixhaven","binder","Tackle Artist","SOS","Secrets of Strixhaven","133","normal","common","3","112672","b87e2474-98c1-4c1a-91ed-340b72d31653","0.19","false","false","near_mint","en","AUD","2026-07-06T14:02:56.195Z"
"strixhaven","binder","Biblioplex Tomekeeper","SOS","Secrets of Strixhaven","247","normal","common","2","111740","bf2efdd9-d2b4-4bea-a5b9-dbb2eee4dfba","0.12","false","false","near_mint","en","AUD","2026-07-06T14:02:56.196Z"
"strixhaven","binder","Spell Pierce","SOA","Secrets of Strixhaven Mystical Archive","23","normal","uncommon","2","112504","bc8f80e2-dd9d-4abc-b44c-fbef4d403e6f","0.5","false","false","near_mint","en","AUD","2026-07-06T14:02:56.197Z"
"strixhaven","binder","Lecturing Scornmage","SOS","Secrets of Strixhaven","87","normal","uncommon","2","112663","ad07091e-8c24-43af-8ce8-031847bcaf30","0.23","false","false","near_mint","en","AUD","2026-07-06T14:02:56.214Z"
"strixhaven","binder","Unsubtle Mockery","SOS","Secrets of Strixhaven","136","normal","common","2","112580","2b7cb1a3-761e-470e-a164-6e29dd9448cd","0.13","false","false","near_mint","en","AUD","2026-07-06T14:02:56.217Z"
"strixhaven","binder","Quick Study","SOS","Secrets of Strixhaven","65","normal","common","2","112583","2d4f0bc7-da7c-4749-a24c-b01f3eb5860c","0.25","false","false","near_mint","en","AUD","2026-07-06T14:02:56.218Z"
"strixhaven","binder","Ajani's Response","SOS","Secrets of Strixhaven","6","normal","common","2","112654","9cd1417a-badc-4abd-a8ca-5b31f85c1072","0.16","false","false","near_mint","en","AUD","2026-07-06T14:02:56.219Z"
"strixhaven","binder","Shopkeeper's Bane","SOS","Secrets of Strixhaven","159","normal","common","2","112651","97f7fbb9-228c-4a74-975b-38d3b6cecb32","0.36","false","false","near_mint","en","AUD","2026-07-06T14:02:56.234Z"
"strixhaven","binder","Wild Hypothesis","SOS","Secrets of Strixhaven","167","normal","common","1","112559","04fdfabc-c247-4384-a5bb-f49035f8aae0","0.29","false","false","near_mint","en","AUD","2026-07-07T13:06:32.652Z"
"strixhaven","binder","Ulna Alley Shopkeep","SOS","Secrets of Strixhaven","103","normal","common","1","112681","c25e1ae5-f17c-4eee-98f1-5681981af31c","0.06","false","false","near_mint","en","AUD","2026-07-07T13:06:32.650Z"
"strixhaven","binder","Cuboid Colony","SOS","Secrets of Strixhaven","183","normal","uncommon","1","111705","6384d135-7780-4d75-9e95-71bce506948e","0.22","false","false","near_mint","en","AUD","2026-07-07T13:06:32.649Z"
"strixhaven","binder","Sanar, Unfinished Genius // Wild Idea","SOS","Secrets of Strixhaven","223","normal","uncommon","1","111685","173157aa-712d-44f2-89ba-dd2511a07f26","0.36","false","false","near_mint","en","AUD","2026-07-07T13:06:32.648Z"
"strixhaven","binder","Proctor's Gaze","SOS","Secrets of Strixhaven","213","normal","uncommon","1","112666","b127d543-0a90-4af6-9410-94d5cd30389e","0.17","false","false","near_mint","en","AUD","2026-07-07T13:06:32.647Z"
"strixhaven","binder","Locust Spray","SOA","Secrets of Strixhaven Mystical Archive","96","normal","uncommon","1","112532","e779e783-e8e1-4e17-9e2f-35f0cb9b8e31","0.52","false","false","near_mint","en","AUD","2026-07-07T13:06:32.646Z"
"strixhaven","binder","Requisition Raid","SOA","Secrets of Strixhaven Mystical Archive","75","normal","uncommon","1","112544","46f1ecab-2e69-47cb-afe8-4d5bb51d3ebe","0.71","false","false","near_mint","en","AUD","2026-07-07T13:06:32.645Z"
"strixhaven","binder","Aziza, Mage Tower Captain","SOS","Secrets of Strixhaven","174","normal","rare","1","112354","6261e89a-dbf1-481a-823e-6bb00be57195","0.37","false","false","near_mint","en","AUD","2026-07-07T13:06:32.643Z"
"strixhaven","binder","Expansion Algorithm","SOC","Secrets of Strixhaven Commander","19","normal","rare","1","112176","ef261999-1c18-46f3-bbd6-72911e14328f","3.17","false","false","near_mint","en","AUD","2026-07-07T13:06:32.642Z"
"strixhaven","binder","Splatter Technique","SOS","Secrets of Strixhaven","231","normal","rare","1","112253","969b6657-c3b9-47e1-a42e-95bbcccf452d","0.42","false","false","near_mint","en","AUD","2026-07-07T13:06:32.641Z"
"strixhaven","binder","Culling Ritual","SOA","Secrets of Strixhaven Mystical Archive","62","normal","rare","1","112581","2bcd7858-7ae6-4419-bc58-a5c133c97577","1.93","false","false","near_mint","en","AUD","2026-07-07T13:06:32.640Z"
"strixhaven","binder","Vicious Rivalry","SOS","Secrets of Strixhaven","241","normal","rare","1","112629","6fa9cd18-3181-4373-ab65-49bf9de9487f","0.53","false","false","near_mint","en","AUD","2026-07-07T13:06:32.639Z"
"strixhaven","binder","Fractal","TSOS","Secrets of Strixhaven Tokens","5","normal","common","1","112640","8b5f1fdb-04df-4224-acb4-7819c37565f5","0.3","false","false","near_mint","en","AUD","2026-07-15T05:19:27.830Z"
"strixhaven","binder","Shamanic Revelation","SOA","Secrets of Strixhaven Mystical Archive","57","normal","rare","1","112446","5dc1904b-b0e6-49e5-9ef3-7ea538db202b","1.95","false","false","near_mint","en","AUD","2026-07-15T05:19:27.829Z"
"strixhaven","binder","Stormcarved Coast","SOS","Secrets of Strixhaven","304","normal","rare","1","111791","36f6c636-3539-494f-abf9-62ea00fcedfd","3.38","false","false","near_mint","en","AUD","2026-07-15T05:19:27.828Z"
"strixhaven","binder","Striding Shotcaller // Run the Play","SOC","Secrets of Strixhaven Commander","50","normal","rare","1","111852","159c2891-c1e2-4ec3-8c20-d6b97315dd1c","0.3","false","false","near_mint","en","AUD","2026-07-15T05:19:27.827Z"
"strixhaven","binder","Shattered Sanctum","SOS","Secrets of Strixhaven","260","normal","rare","1","111703","5aa0c810-3b7d-4661-979e-e84fb327742d","2.9","false","false","near_mint","en","AUD","2026-07-15T05:19:27.826Z"
"strixhaven","binder","Zombify","SOA","Secrets of Strixhaven Mystical Archive","36","normal","uncommon","1","112530","dfec5854-70c7-4e4b-9979-58775dd7a181","0.44","false","false","near_mint","en","AUD","2026-07-15T05:19:27.825Z"
"strixhaven","binder","Royal Treatment","SOA","Secrets of Strixhaven Mystical Archive","121","normal","uncommon","1","112473","8d7a631d-6354-4999-80fa-0d3008f7bc72","0.77","false","false","near_mint","en","AUD","2026-07-15T05:19:27.824Z"
"strixhaven","binder","Infirmary Healer // Stream of Life","SOS","Secrets of Strixhaven","152","normal","uncommon","1","112645","911442e3-3003-4683-a766-e791e9553667","0.27","false","false","near_mint","en","AUD","2026-07-15T05:19:27.823Z"
"strixhaven","binder","Startled Relic Sloth","SOS","Secrets of Strixhaven","233","normal","uncommon","1","112711","f143fd41-58c3-45a0-bef8-e9e4b4a502a5","0.29","false","false","near_mint","en","AUD","2026-07-15T05:19:27.822Z"
"strixhaven","binder","Dig Site Inventory","SOS","Secrets of Strixhaven","10","normal","common","1","112707","e52464ee-df8b-41ec-af93-4b0eb004383e","0.2","false","false","near_mint","en","AUD","2026-07-15T05:19:27.820Z"
"strixhaven","binder","Send in the Pest","SOS","Secrets of Strixhaven","100","normal","common","1","112576","283b508b-89f0-4c23-9686-b049e402b73c","0.32","false","false","near_mint","en","AUD","2026-07-15T05:19:27.818Z"
"strixhaven","binder","Run Behind","SOS","Secrets of Strixhaven","66","normal","common","1","112601","40ecc34b-4cd0-4998-bbf4-7faa6fd3d7e0","0.09","false","false","near_mint","en","AUD","2026-07-15T05:19:27.817Z"
"marvel","binder","Soldier","TMSH","Marvel Super Heroes Tokens","3","foil","common","4","114590","ecd686bf-d14b-491c-b0c5-88fc8f0472f9","","false","false","near_mint","en","AUD","2026-07-20T12:48:05.513Z"
"marvel","binder","Doctor Doom","MSH","Marvel Super Heroes","336","foil","mythic","1","113253","be8177e1-b0b4-4c8f-90b9-034313c7b271","30.79","false","false","near_mint","en","AUD","2026-07-20T12:48:05.512Z"
"marvel","binder","Beast Within","MAR","Marvel Universe","75","normal","mythic","2","113312","b6b6c66f-e3e0-4904-ae41-2ecc786f70c5","1.81","false","false","near_mint","en","AUD","2026-07-20T12:48:05.511Z"
"marvel","binder","Elektra, Daughter of the Hand","MSH","Marvel Super Heroes","326","normal","rare","1","113130","0d855376-c5ff-4981-9605-6c16f213a857","1.83","false","false","near_mint","en","AUD","2026-07-20T12:48:05.510Z"
"marvel","binder","Black Widow, Agile Avenger","MSC","Marvel Super Heroes Commander","395","normal","rare","1","114362","0b165b56-ad86-4d8c-91e2-1464b2ac5c6d","31.77","false","false","near_mint","en","AUD","2026-07-20T12:48:05.509Z"
"marvel","binder","Wolverine, Claws Out","MSC","Marvel Super Heroes Commander","737","foil","rare","1","113705","534a044c-a4a9-478c-ad74-060185b3cb01","23.92","false","false","near_mint","en","AUD","2026-07-20T12:48:05.508Z"
"marvel","binder","Forest","MSH","Marvel Super Heroes","286","foil","common","3","113176","47eb96ec-a417-4dbc-82d2-6317372dda11","0.32","false","false","near_mint","en","AUD","2026-07-20T12:48:05.507Z"
"marvel","binder","Human Torch, Johnny Storm","MSH","Marvel Super Heroes","321","foil","uncommon","2","113155","2fa8010c-3f88-4fbe-880e-7facfea06893","0.52","false","false","near_mint","en","AUD","2026-07-20T12:48:05.506Z"
"marvel","binder","Living Lies of Loki","MSC","Marvel Super Heroes Commander","627","foil","uncommon","1","113526","07e81366-e42d-4a94-9ea2-598c4b4b63ca","0.69","false","false","near_mint","en","AUD","2026-07-20T12:48:05.505Z"
"marvel","binder","Venomized Cat","SPM","Marvel's Spider-Man","72","foil","common","1","108527","6330f3e9-e031-4d55-b5d8-536c16bba063","0.22","false","false","near_mint","en","AUD","2026-07-20T12:48:05.504Z"
"marvel","binder","Quinjet Technician","MSC","Marvel Super Heroes Commander","703","foil","common","1","113903","a65b9024-fcca-497d-afb9-5ce9466d796f","0.4","false","false","near_mint","en","AUD","2026-07-20T12:48:05.503Z"
"marvel","binder","Beast, Erudite Aerialist","MSH","Marvel Super Heroes","206","foil","uncommon","2","113906","a92a95d2-9529-417a-b7d5-b4244d7fdca7","0.37","false","false","near_mint","en","AUD","2026-07-20T12:48:05.502Z"
"marvel","binder","Colleen Wing, Street Samurai","MSH","Marvel Super Heroes","13","foil","uncommon","1","113417","8bffc505-608e-4a5b-9ed9-2321e4cab484","0.3","false","false","near_mint","en","AUD","2026-07-20T12:48:05.501Z"
"marvel","binder","Kree Commandos","MSH","Marvel Super Heroes","19","foil","common","2","113651","401f9ccf-f30c-4777-9a5b-4c340e724fff","0.06","false","false","near_mint","en","AUD","2026-07-20T12:48:05.500Z"
"marvel","binder","S.H.I.E.L.D. Spy Kit","MSH","Marvel Super Heroes","36","foil","common","1","113677","4938e23f-b5da-493b-9904-af61a3733ba0","0.27","false","false","near_mint","en","AUD","2026-07-20T12:48:05.499Z"
"marvel","binder","Aerial Doombot","MSH","Marvel Super Heroes","43","foil","common","2","114054","e727ec1c-dc3b-4f1a-8a62-18549f118b89","0.26","false","false","near_mint","en","AUD","2026-07-20T12:48:05.498Z"
"marvel","binder","Fury of the Horde","MAR","Marvel Universe","71","normal","mythic","1","114197","5eaaca68-47e1-49f8-bf2e-c0eaad721e86","3.83","false","false","near_mint","en","AUD","2026-07-20T12:55:06.965Z"
"marvel","binder","Winter Soldier, Icy Assassin","MSH","Marvel Super Heroes","377","normal","rare","1","113371","76c05333-0e02-4173-b8b4-cb0da3b99a64","1.81","false","false","near_mint","en","AUD","2026-07-20T12:55:06.964Z"
"marvel","binder","Gift of Immortality","MSC","Marvel Super Heroes Commander","134","foil","rare","1","113682","4ae22015-073a-4666-9e3b-15dcf61f50ce","0.54","false","false","near_mint","en","AUD","2026-07-20T12:55:06.963Z"
"marvel","binder","The Super Hero Civil War","MSH","Marvel Super Heroes","231","foil","rare","1","113345","fbd1f333-5640-41f8-b9dd-1c322ac7724a","0.39","false","false","near_mint","en","AUD","2026-07-20T12:55:06.962Z"
"marvel","binder","Swamp","MSH","Marvel Super Heroes","282","foil","common","2","113203","69eee76e-5714-4503-8170-3f551410abec","0.37","false","false","near_mint","en","AUD","2026-07-20T12:55:06.961Z"
"marvel","binder","Origin of Captain America","MSC","Marvel Super Heroes Commander","605","foil","uncommon","1","113752","649ac84b-be8e-4f00-9603-815ee2b11d00","0.85","false","false","near_mint","en","AUD","2026-07-20T12:55:06.959Z"
"marvel","binder","Wild Pack Squad","SPM","Marvel's Spider-Man","23","foil","common","1","107647","7b0eda7c-e44d-4d9b-9042-4a1eb8c4ed4a","0.1","false","false","near_mint","en","AUD","2026-07-20T12:55:06.958Z"
"marvel","binder","Minion Missile","MSC","Marvel Super Heroes Commander","663","foil","common","1","113993","cc8567c6-f409-44d4-a19c-480c6e4abe56","0.39","false","false","near_mint","en","AUD","2026-07-20T12:55:06.957Z"
"marvel","binder","S.H.I.E.L.D. Helicarrier","MSH","Marvel Super Heroes","249","foil","uncommon","1","113624","364dc091-3161-4cd7-838c-742b9325fc32","0.23","false","false","near_mint","en","AUD","2026-07-20T12:55:06.956Z"
"marvel","binder","Kang, Temporal Tyrant","MSH","Marvel Super Heroes","217","foil","uncommon","1","113289","fb96ee86-5139-472a-9c4b-8a8a4280fc7e","0.27","false","false","near_mint","en","AUD","2026-07-20T12:55:06.955Z"
"marvel","binder","Visions of Villainy","MSH","Marvel Super Heroes","120","foil","common","1","114092","f8f1e4f9-7415-437f-b694-ecbdd76db114","0.23","false","false","near_mint","en","AUD","2026-07-20T12:55:06.954Z"
"marvel","binder","Panther Pounce","MSH","Marvel Super Heroes","29","foil","common","1","113654","4122ae40-800d-4b6b-93c9-aa503c33f1a9","0.14","false","false","near_mint","en","AUD","2026-07-20T12:55:06.952Z"
"marvel","binder","Vibranium","TMSC","Marvel Super Heroes Commander Tokens","15","normal","common","1","114314","7f9e9b3a-c515-449a-95da-ee3f5175b74f","","false","false","near_mint","en","AUD","2026-07-20T12:55:06.951Z"
"marvel","binder","Take Up the Shield","MSH","Marvel Super Heroes","39","foil","common","1","113700","5199d708-8b11-461d-9e91-3e8cd70906f7","0.24","false","false","near_mint","en","AUD","2026-07-20T12:55:06.950Z"
"marvel","binder","Tigra, Feline Fury","MSH","Marvel Super Heroes","191","foil","uncommon","1","113208","73c11aea-4fa4-438d-b886-2fafa60c82f9","0.23","false","false","near_mint","en","AUD","2026-07-20T12:55:06.949Z"
"marvel","binder","Mister Fantastic, Reed Richards","MSH","Marvel Super Heroes","66","foil","uncommon","1","113139","17ef068b-61fc-443d-97b0-1e41f2622425","0.44","false","false","near_mint","en","AUD","2026-07-20T12:55:06.948Z"
"marvel","binder","Beast Mode","MSC","Marvel Super Heroes Commander","713","foil","common","1","113630","39191f85-7698-487e-afad-07648a7cb695","0.32","false","false","near_mint","en","AUD","2026-07-20T12:55:06.947Z"
"marvel","binder","Spider-Rex, Daring Dino","SPM","Marvel's Spider-Man","116","foil","common","1","107636","5b6e0bea-f126-4adb-8808-901950a77c7b","0.33","false","false","near_mint","en","AUD","2026-07-20T12:55:06.946Z"
"marvel","binder","Daily Bugle Newspaper","MSC","Marvel Super Heroes Commander","749","foil","uncommon","1","113671","46155477-758e-47a0-9fb9-dec7869978d9","0.53","false","false","near_mint","en","AUD","2026-07-20T12:55:06.945Z"
"marvel","binder","Vibranium Energy Daggers","MSH","Marvel Super Heroes","254","foil","common","2","113694","4fe5952d-f50f-443a-b960-657fc4bc1965","0.27","false","false","near_mint","en","AUD","2026-07-20T12:55:06.943Z"
"marvel","binder","Elektra, Daughter of the Hand","MSH","Marvel Super Heroes","366","normal","rare","1","113192","5beb6acc-38a5-47f5-ae37-bb396baffa5c","3.34","false","false","near_mint","en","AUD","2026-07-20T12:55:06.942Z"
"marvel","binder","Origin of the Avengers","MSH","Marvel Super Heroes","298","normal","rare","1","113375","8a500880-56c9-44ea-ad34-c3e5123106cb","0.69","false","false","near_mint","en","AUD","2026-07-20T12:55:06.941Z"
"marvel","binder","Arnim Zola, Bio-Fanatic","MSH","Marvel Super Heroes","319","foil","uncommon","2","113859","8e3fdece-348a-45eb-871f-fffa91a1fbda","0.35","false","false","near_mint","en","AUD","2026-07-20T12:55:06.940Z"
"marvel","binder","Folk Hero","MSC","Marvel Super Heroes Commander","305","normal","mythic","1","114541","c241aaf1-0d60-4e5e-a73e-958e86b0498d","3.7","false","false","near_mint","en","AUD","2026-07-20T12:55:06.939Z"
"marvel","binder","Hour of Defeat","MSH","Marvel Super Heroes","99","foil","common","1","113887","9e0034dd-396e-46af-b931-0daa25da4406","0.11","false","false","near_mint","en","AUD","2026-07-20T12:55:06.938Z"
"marvel","binder","Vision, Spectral Synthezoid","MSC","Marvel Super Heroes Commander","644","foil","rare","1","113971","c3da7f82-d2f7-4aaa-b62a-238b3e3e4871","4.64","false","false","near_mint","en","AUD","2026-07-20T12:55:06.937Z"
"marvel","binder","Force of Vigor","MAR","Marvel Universe","77","foil","mythic","1","110072","e507e356-6241-4347-bd56-e0609954f378","9.95","false","false","near_mint","en","AUD","2026-07-20T12:55:06.936Z"
"marvel","binder","Jennifer Walters // The Sensational She-Hulk","MSH","Marvel Super Heroes","388","foil","mythic","1","113934","b51282a9-1132-4c93-a216-148d1e7bb007","102.81","false","false","near_mint","en","AUD","2026-07-20T12:55:46.277Z"
"marvel","binder","Hero","TMSH","Marvel Super Heroes Tokens","2","normal","common","1","114575","e4a64831-eec5-4fc9-8904-19523af3ca42","","false","false","near_mint","en","AUD","2026-07-20T13:11:36.134Z"
"marvel","binder","Elektra, Daughter of the Hand","MSH","Marvel Super Heroes","395","foil","rare","1","113127","0c58b938-f856-4828-9d75-2e4db4547df7","49.11","false","false","near_mint","en","AUD","2026-07-20T13:11:36.133Z"
"marvel","binder","Righteous Fury","MAR","Marvel Universe","49","normal","mythic","1","114052","e6a3a9fd-9653-45dd-b592-a36f85af8fc4","1.42","false","false","near_mint","en","AUD","2026-07-20T13:11:36.132Z"
"marvel","binder","Baron Helmut Zemo","MSH","Marvel Super Heroes","87","foil","rare","1","110066","c2aadc25-7755-4bc8-a8af-b01d27eec364","0.53","false","false","near_mint","en","AUD","2026-07-20T13:11:36.131Z"
"marvel","binder","Ultimate Nullification","MSC","Marvel Super Heroes Commander","26","foil","rare","1","114136","3c27ca1c-8f2d-4ac8-aef1-bb6201763392","0.3","false","false","near_mint","en","AUD","2026-07-20T13:11:36.130Z"
"marvel","binder","Doomsday","MSC","Marvel Super Heroes Commander","796","foil","rare","2","113780","72cd296e-e550-46bf-9378-586a24c9b2a7","5.93","false","false","near_mint","en","AUD","2026-07-20T13:11:36.129Z"
"marvel","binder","Island","MSH","Marvel Super Heroes","279","foil","common","2","113225","8c1467b1-ff2c-4f73-91ba-bc2b07afc2c3","0.42","false","false","near_mint","en","AUD","2026-07-20T13:11:36.128Z"
"marvel","binder","Invisible Woman, Sue Storm","MSH","Marvel Super Heroes","323","foil","uncommon","2","113223","8a037650-cdb2-41f8-b3a8-fedcfdb90259","0.53","false","false","near_mint","en","AUD","2026-07-20T13:11:36.127Z"
"marvel","binder","Timeline Inquiry","MSC","Marvel Super Heroes Commander","641","foil","uncommon","1","113609","30a0db77-4427-42e5-b009-a1564cbe64c0","0.36","false","false","near_mint","en","AUD","2026-07-20T13:11:36.126Z"
"marvel","binder","TVA Bureaucrat","MSC","Marvel Super Heroes Commander","761","foil","common","1","113747","62da11c2-e37d-46e9-b225-ba864b7f2c11","0.36","false","false","near_mint","en","AUD","2026-07-20T13:11:36.125Z"
"marvel","binder","Contract Hero","MSC","Marvel Super Heroes Commander","683","foil","common","1","113795","784af2b7-9f2d-450f-af93-b344fae39e8a","0.56","false","false","near_mint","en","AUD","2026-07-20T13:11:36.124Z"
"marvel","binder","Moonstone, Harsh Mistress","MSH","Marvel Super Heroes","107","foil","uncommon","1","113565","1a1b2bd0-e17d-4b34-a8ee-7c913a6bc945","0.23","false","false","near_mint","en","AUD","2026-07-20T13:11:36.123Z"
"marvel","binder","Super Villain Lockup","MSH","Marvel Super Heroes","37","foil","uncommon","1","113568","1af5a1ca-3d11-45e3-ba12-c455c5a7fea1","0.14","false","false","near_mint","en","AUD","2026-07-20T13:11:36.122Z"
"marvel","binder","Wakandan Drone Flock","MSH","Marvel Super Heroes","40","foil","common","1","113683","4b12dc1f-2218-4c71-aafa-ea6a26eeb0aa","0.03","false","false","near_mint","en","AUD","2026-07-20T13:11:36.121Z"
"marvel","binder","Red Room Recruit","MSH","Marvel Super Heroes","110","foil","common","2","114087","f52a5ba3-a618-4f52-9d33-ba85345eb627","0.19","false","false","near_mint","en","AUD","2026-07-20T13:11:36.120Z"
"marvel","binder","Savage Land Dinosaur","MSH","Marvel Super Heroes","185","foil","common","1","113714","562bd376-3fba-4de0-b9fc-183004b03732","0.32","false","false","near_mint","en","AUD","2026-07-20T13:11:36.119Z"
"marvel","binder","Galactus","TMSH","Marvel Super Heroes Tokens","8","normal","common","1","114565","d911f8c6-88a5-4f66-a400-4df72b49c351","","false","false","near_mint","en","AUD","2026-07-20T13:11:36.118Z"
"marvel","binder","World War Hulk","MSH","Marvel Super Heroes","304","foil","rare","1","110052","51524f8a-030c-4522-bfc0-d55c2c7c9326","6.85","false","false","near_mint","en","AUD","2026-07-20T13:11:36.117Z"
"marvel","binder","Final Act","MAR","Marvel Universe","66","normal","mythic","1","113316","c3a474a8-b2f0-4392-9f5d-0f78b3fb29e5","2.08","false","false","near_mint","en","AUD","2026-07-20T13:11:36.116Z"
"marvel","binder","Captain America's Shield","MSH","Marvel Super Heroes","311","normal","rare","1","113362","2cef736d-170d-4551-83e5-19f6b6bb677c","6.59","false","false","near_mint","en","AUD","2026-07-20T13:11:36.115Z"
"marvel","binder","Kindred Dominance","MSC","Marvel Super Heroes Commander","351","normal","rare","1","114419","538492b5-b61e-4165-b432-37cba84a169d","6.64","false","false","near_mint","en","AUD","2026-07-20T13:11:36.114Z"
"marvel","binder","Super-Skrull","MSH","Marvel Super Heroes","115","foil","rare","1","110042","11fc8221-756a-4919-9272-38793e9c1ad9","0.39","false","false","near_mint","en","AUD","2026-07-20T13:11:36.113Z"
"marvel","binder","Swamp","MSH","Marvel Super Heroes","281","foil","common","1","113270","dda87be6-317e-4227-a96d-7742ac054d2e","0.3","false","false","near_mint","en","AUD","2026-07-20T13:11:36.112Z"
"marvel","binder","Abomination, Terrifying Titan","MSH","Marvel Super Heroes","333","normal","uncommon","1","113429","d1fb5d54-8232-4888-9d51-5aca90a7b6eb","0.37","false","false","near_mint","en","AUD","2026-07-20T13:11:36.111Z"
"marvel","binder","Dark Ritual","MSC","Marvel Super Heroes Commander","793","foil","uncommon","1","113134","11e12a84-e7be-4afc-a230-c2e644743fa8","21.47","false","false","near_mint","en","AUD","2026-07-20T13:11:36.110Z"
"marvel","binder","Shock","SPM","Marvel's Spider-Man","88","foil","common","1","107645","760b41a1-c087-4b11-b8a0-fb01d8a4c0c6","0.17","false","false","near_mint","en","AUD","2026-07-20T13:11:36.109Z"
"marvel","binder","Heroic Teamwork","MSC","Marvel Super Heroes Commander","597","foil","common","2","113837","8705e5a4-8a62-40fa-a649-270557c382ce","0.38","false","false","near_mint","en","AUD","2026-07-20T13:11:36.108Z"
"marvel","binder","Doc Samson, Super Psychiatrist","MSH","Marvel Super Heroes","164","foil","uncommon","1","113329","19dc5fcc-d05d-41a0-84c5-2dec996f3e4f","0.39","false","false","near_mint","en","AUD","2026-07-20T13:11:36.107Z"
"marvel","binder","Night Nurse, Healer of Heroes","MSH","Marvel Super Heroes","26","foil","uncommon","1","113612","3199907b-9f24-4554-942a-8ab5a7701717","0.29","false","false","near_mint","en","AUD","2026-07-20T13:11:36.106Z"
"marvel","binder","Borough Backup","MSH","Marvel Super Heroes","7","foil","common","1","113947","bb753ac8-67e1-44b0-b404-37f04c2b7438","0.14","false","false","near_mint","en","AUD","2026-07-20T13:11:36.105Z"
"marvel","binder","Widow's Bite","MSH","Marvel Super Heroes","122","foil","common","1","114029","dbee18af-9ade-4251-81a1-f6e7ffbf480f","0.09","false","false","near_mint","en","AUD","2026-07-20T13:11:36.104Z"
"marvel","binder","Arc Reactor","MSH","Marvel Super Heroes","310","foil","rare","1","113164","3b7e9150-028d-482d-9bd8-d9d3e56d24be","4.33","false","false","near_mint","en","AUD","2026-07-20T13:47:10.779Z"
"marvel","binder","Force of Vigor","MAR","Marvel Universe","77","foil","mythic","1","110072","e507e356-6241-4347-bd56-e0609954f378","9.95","false","false","near_mint","en","AUD","2026-07-20T13:47:10.778Z"
"marvel","binder","Kang the Conqueror","MSH","Marvel Super Heroes","403","normal","mythic","1","113188","55b486ad-53bd-4255-9f8e-286b300e7e43","0.75","false","false","near_mint","en","AUD","2026-07-20T13:47:10.777Z"
"marvel","binder","Black Market Connections","MSC","Marvel Super Heroes Commander","155","normal","rare","1","114249","9d9ca869-e68a-4f53-9f52-85c714dac6f3","14.39","false","false","near_mint","en","AUD","2026-07-20T13:47:10.776Z"
"marvel","binder","Namor the Sub-Mariner","MSH","Marvel Super Heroes","69","foil","mythic","1","110054","7aaefcf9-fbe1-4767-92a5-09825761d116","19.77","false","false","near_mint","en","AUD","2026-07-20T13:47:10.775Z"
"marvel","binder","Plains","MSH","Marvel Super Heroes","278","foil","common","2","113202","69a24fc3-90f9-4f2e-91d9-1aaca888e432","0.44","false","false","near_mint","en","AUD","2026-07-20T13:47:10.774Z"
"marvel","binder","Baron Strucker, HYDRA Overlord","MSH","Marvel Super Heroes","315","foil","uncommon","4","113395","fa4e32b7-8c2c-4efa-b5a4-b32abcae1ad2","0.4","false","false","near_mint","en","AUD","2026-07-20T13:47:10.773Z"
"marvel","binder","Origin of Black Widow","MSC","Marvel Super Heroes Commander","664","foil","uncommon","1","113799","78e4cbed-41e0-46f8-89e4-88f24f026070","1.09","false","false","near_mint","en","AUD","2026-07-20T13:47:10.772Z"
"marvel","binder","Taxi Driver","SPM","Marvel's Spider-Man","97","foil","common","1","107663","a80d3ed9-5e81-41b7-bb74-ab86cba841c8","0.19","false","false","near_mint","en","AUD","2026-07-20T13:47:10.771Z"
"marvel","binder","Captain America's Motorcycle","MSC","Marvel Super Heroes Commander","681","foil","common","3","114076","efc25013-9477-4eb7-8b16-87e5685876ca","0.48","false","false","near_mint","en","AUD","2026-07-20T13:47:10.770Z"
"marvel","binder","Bullseye, Death Dealer","MSH","Marvel Super Heroes","209","foil","uncommon","1","114104","fd1f0b5f-5e0e-4da1-ab54-a62db5af3591","0.26","false","false","near_mint","en","AUD","2026-07-20T13:47:10.769Z"
"marvel","binder","Iron Lad, Diverging Destiny","MSH","Marvel Super Heroes","59","foil","uncommon","1","113407","355e7197-2f20-43b6-9305-73c4e1fd4a3c","0.32","false","false","near_mint","en","AUD","2026-07-20T13:47:10.768Z"
"marvel","binder","Agent of Atlas","MSH","Marvel Super Heroes","3","foil","common","1","113910","a9db550e-ed1f-4973-a7f5-ec2e6adb8e6b","0.13","false","false","near_mint","en","AUD","2026-07-20T13:47:10.767Z"
"marvel","binder","Call Damage Control","MSH","Marvel Super Heroes","162","foil","common","1","114035","de1ed886-c33b-4cfd-8442-944cec654a8b","0.27","false","false","near_mint","en","AUD","2026-07-20T13:47:10.766Z"
"marvel","binder","Web Up","MSH","Marvel Super Heroes","41","foil","common","1","113882","9a1b057b-229c-4f65-ba4e-12dd342238de","0.17","false","false","near_mint","en","AUD","2026-07-20T13:47:10.765Z"
"marvel","binder","The Vision","MSH","Marvel Super Heroes","379","foil","rare","1","113264","d41a55d9-6007-4b1c-a917-2cb5e8f64000","6.33","false","false","near_mint","en","AUD","2026-07-21T14:25:06.251Z"
"marvel","binder","Heroic Intervention","MAR","Marvel Universe","80","foil","mythic","1","110049","4208a5fd-4ca9-4648-883e-5dfe02746e68","13.39","false","false","near_mint","en","AUD","2026-07-21T14:25:06.250Z"
"marvel","binder","Nick Fury, Agent of S.H.I.E.L.D.","MSH","Marvel Super Heroes","357","normal","rare","1","113405","307db766-8d25-485d-81da-eb72548f9ce0","4.76","false","false","near_mint","en","AUD","2026-07-21T14:25:06.249Z"
"marvel","binder","Skullclamp","MSC","Marvel Super Heroes Commander","451","normal","rare","1","114511","a740d70c-b877-44cf-beb4-774ec66236c5","7.09","false","false","near_mint","en","AUD","2026-07-21T14:25:06.248Z"
"marvel","binder","Iron Fist, Hero for Hire","MSC","Marvel Super Heroes Commander","692","foil","rare","1","113890","9f1cdf84-c034-4435-8ce7-50f6b777fb57","1.01","false","false","near_mint","en","AUD","2026-07-21T14:25:06.247Z"
"marvel","binder","Bullseye, Death Dealer","MSH","Marvel Super Heroes","325","foil","uncommon","1","113838","879abc8e-bc69-4214-945a-09d02b66010c","0.47","false","false","near_mint","en","AUD","2026-07-21T14:25:06.246Z"
"marvel","binder","Unlucky Witness","MSC","Marvel Super Heroes Commander","812","foil","uncommon","1","113693","4f8715ac-5654-44c6-8892-ad76f06b4fe5","0.56","false","false","near_mint","en","AUD","2026-07-21T14:25:06.245Z"
"marvel","binder","Farseek","MSC","Marvel Super Heroes Commander","173","foil","common","1","114181","c1aac0f5-1d01-4673-b8d3-878d9a1d423c","0.61","false","false","near_mint","en","AUD","2026-07-21T14:25:06.244Z"
"marvel","binder","Doc Ock, Sinister Scientist","SPM","Marvel's Spider-Man","29","foil","common","2","107678","de16ad65-c8c3-48c0-9d13-5af91b4e6f01","0.25","false","false","near_mint","en","AUD","2026-07-21T14:25:06.243Z"
"marvel","binder","Villainous Hideout","MSH","Marvel Super Heroes","276","foil","uncommon","1","113823","822b0249-e1df-453d-8b60-75a5196ed818","0.31","false","false","near_mint","en","AUD","2026-07-21T14:25:06.242Z"
"marvel","binder","Team Tactics","MSH","Marvel Super Heroes","155","foil","uncommon","1","114026","db1c7a71-3d01-4f2a-9b25-2a19bb0d1a56","0.36","false","false","near_mint","en","AUD","2026-07-21T14:25:06.241Z"
"marvel","binder","Giant-Sized Flying Ant","MSH","Marvel Super Heroes","56","foil","common","1","114024","da529bb3-725b-41aa-ac34-b4117ff5d95b","0.16","false","false","near_mint","en","AUD","2026-07-21T14:25:06.240Z"
"marvel","binder","Crowd of True Believers","MSH","Marvel Super Heroes","14","foil","common","1","113684","4b2fffb8-d538-4772-8fbc-9bec3b9c4d9c","0.07","false","false","near_mint","en","AUD","2026-07-21T14:25:06.239Z"
"marvel","binder","Powerful Broker","MSH","Marvel Super Heroes","179","foil","common","1","113818","801f0417-b663-4e28-9a61-9570061654d7","0.19","false","false","near_mint","en","AUD","2026-07-21T14:25:06.238Z"
"marvel","binder","The Ten Rings","MSH","Marvel Super Heroes","313","foil","mythic","1","113174","47360bb6-9724-4418-b1f3-59d0b28e7798","50.64","false","false","near_mint","en","AUD","2026-07-21T14:32:45.139Z"
"marvel","binder","Chaos Warp","MAR","Marvel Universe","69","normal","mythic","1","110044","2a6c3d3b-93ec-43df-a0cd-ea12ab047d51","7.14","false","false","near_mint","en","AUD","2026-07-21T14:32:45.138Z"
"marvel","binder","Black Widow, Intel Expert","MSC","Marvel Super Heroes Commander","504","normal","rare","1","114411","49671454-db5d-4b0f-a609-7f717dd96d24","3.91","false","false","near_mint","en","AUD","2026-07-21T14:32:45.137Z"
"marvel","binder","Fight for the Throne","MSC","Marvel Super Heroes Commander","65","foil","rare","1","114308","6da747ef-4d8f-49a2-8682-52ab87e6ad6e","0.61","false","false","near_mint","en","AUD","2026-07-21T14:32:45.136Z"
"marvel","binder","Taskmaster, Mercenary Mimic","MSH","Marvel Super Heroes","232","foil","rare","1","113532","0d4265fd-cbfa-4e57-89fd-a1d757acfe81","0.57","false","false","near_mint","en","AUD","2026-07-21T14:32:45.135Z"
"marvel","binder","Avengers Tower","MSH","Marvel Super Heroes","334","foil","uncommon","1","113399","1292713f-1462-438f-a3a2-1f69ece99668","0.41","false","false","near_mint","en","AUD","2026-07-21T14:32:45.133Z"
"marvel","binder","X-23, Deadly Weapon","MSC","Marvel Super Heroes Commander","738","foil","uncommon","1","113644","3dc25593-46cc-4f66-8950-4e18b92d24f2","9.44","false","false","near_mint","en","AUD","2026-07-21T14:32:45.132Z"
"marvel","binder","Songbird, Sonic Screamer","MSC","Marvel Super Heroes Commander","762","foil","common","1","113599","2b327925-8a50-4fd7-9010-673f9a3e97ce","0.61","false","false","near_mint","en","AUD","2026-07-21T14:32:45.131Z"
"marvel","binder","Doc Ock's Henchmen","SPM","Marvel's Spider-Man","30","foil","common","1","107659","a383c442-3f4a-4115-97e4-23f0eb88465b","0.21","false","false","near_mint","en","AUD","2026-07-21T14:32:45.130Z"
"marvel","binder","Killmonger, Scourge of Wakanda","MSH","Marvel Super Heroes","218","foil","uncommon","1","113184","5060aa13-4b33-4b3a-8bdb-dd81308fa3e3","0.26","false","false","near_mint","en","AUD","2026-07-21T14:32:45.129Z"
"marvel","binder","Falcon's Wing Harness","MSH","Marvel Super Heroes","53","foil","uncommon","1","113402","20e93f86-9e20-4e08-9bf7-ae6ebebf6876","0.24","false","false","near_mint","en","AUD","2026-07-21T14:32:45.128Z"
"marvel","binder","Project Deathlok Soldier","MSH","Marvel Super Heroes","109","foil","common","1","113724","5c21a120-4ec7-46ec-974a-2204edb92abb","0.16","false","false","near_mint","en","AUD","2026-07-21T14:32:45.127Z"
"marvel","binder","Dependable Quinjet","MSH","Marvel Super Heroes","246","foil","common","1","113961","c035c625-4de5-4c3b-9d07-aa1df8fc7b78","0.13","false","false","near_mint","en","AUD","2026-07-21T14:32:45.126Z"
"marvel","binder","Ninja of the Hand","MSH","Marvel Super Heroes","108","foil","common","1","113757","6b8116d8-2cc6-449b-a8b4-8a5166553497","0.17","false","false","near_mint","en","AUD","2026-07-21T14:32:45.125Z"
"marvel","binder","Fisk Tower","MSH","Marvel Super Heroes","265","foil","common","1","113786","7690e624-93c1-46f4-8f33-e28d881787d3","0.34","false","false","near_mint","en","AUD","2026-07-25T01:03:02.170Z"
"marvel","binder","Stark Industries Executive","MSH","Marvel Super Heroes","153","foil","common","1","113772","709ffd07-706c-471f-b74d-4637afa11686","0.36","false","false","near_mint","en","AUD","2026-07-25T01:03:02.171Z"
"marvel","binder","Rapid Rescue","MSH","Marvel Super Heroes","181","foil","common","2","114015","d739e636-681e-4423-84e3-91efd02b2c94","0.31","false","false","near_mint","en","AUD","2026-07-25T01:03:02.172Z"
"marvel","binder","Wiccan, Rising Magician","MSH","Marvel Super Heroes","83","foil","uncommon","1","113728","5d27ddec-716d-47e5-ac48-365e91b88ff1","0.47","false","false","near_mint","en","AUD","2026-07-25T01:03:02.173Z"
"marvel","binder","Ronin, Shadow Stalker","MSH","Marvel Super Heroes","112","foil","uncommon","1","113394","f74b9794-946e-4ddc-93b2-5a321fc51fd0","0.43","false","false","near_mint","en","AUD","2026-07-25T01:03:02.174Z"
"marvel","binder","Songbird, Sonic Screamer","MSC","Marvel Super Heroes Commander","762","foil","common","1","113599","2b327925-8a50-4fd7-9010-673f9a3e97ce","1.42","false","false","near_mint","en","AUD","2026-07-25T01:03:02.175Z"
"marvel","binder","Farseek","MSC","Marvel Super Heroes Commander","173","foil","common","2","114181","c1aac0f5-1d01-4673-b8d3-878d9a1d423c","5.12","false","false","near_mint","en","AUD","2026-07-25T01:03:02.176Z"
"marvel","binder","Asgardian Inspiration","MSC","Marvel Super Heroes Commander","678","foil","uncommon","1","114005","d1fe7eef-2636-484f-b476-4dc9c9dbfddd","4.08","false","false","near_mint","en","AUD","2026-07-25T01:03:02.177Z"
"marvel","binder","Invisible Woman, Sue Storm","MSH","Marvel Super Heroes","323","foil","uncommon","1","113223","8a037650-cdb2-41f8-b3a8-fedcfdb90259","0.54","false","false","near_mint","en","AUD","2026-07-25T01:03:02.178Z"
"marvel","binder","Island","MSH","Marvel Super Heroes","280","foil","common","2","113230","937b3d7d-decb-4e17-998a-6def3f2c97a2","0.57","false","false","near_mint","en","AUD","2026-07-25T01:03:02.179Z"
"marvel","binder","Armor Wars","MSH","Marvel Super Heroes","203","foil","rare","1","113133","11a13397-1d31-4257-87c2-a757a751c601","0.49","false","false","near_mint","en","AUD","2026-07-25T01:03:02.180Z"
"marvel","binder","Medusa, Inhuman Queen","MSC","Marvel Super Heroes Commander","68","foil","rare","1","114132","3187ebab-8008-455c-a3c9-794a5b225b88","0.5","false","false","near_mint","en","AUD","2026-07-25T01:03:02.181Z"
"marvel","binder","Thanos, Death's Consort","MSC","Marvel Super Heroes Commander","508","normal","rare","1","114409","4842d520-8bce-4b95-bcb6-bd9eb9374f90","5.95","false","false","near_mint","en","AUD","2026-07-25T01:03:02.182Z"
"marvel","binder","Narset's Reversal","MAR","Marvel Universe","58","normal","mythic","1","113514","0355887d-eec7-4b1c-ada1-014ac7fce5c6","2.76","false","false","near_mint","en","AUD","2026-07-25T01:03:02.183Z"
"marvel","binder","Ultron, Artificial Malevolence","MSH","Marvel Super Heroes","344","foil","mythic","1","113348","8a65f1b1-56b5-4a4c-acc7-d1b8933244a4","57.13","false","false","near_mint","en","AUD","2026-07-25T01:03:02.184Z"
"marvel","binder","Soldier","TMSH","Marvel Super Heroes Tokens","4","normal","common","1","114299","5ef2f34e-0ff2-4157-9d4a-73ecf4cd449b","","false","false","near_mint","en","AUD","2026-07-25T01:03:02.185Z"
"marvel","binder","Pet Avengers","MSH","Marvel Super Heroes","178","foil","common","1","113543","108a0b92-2134-4776-a2f7-da92050f1b21","0.39","false","false","near_mint","en","AUD","2026-07-25T14:31:28.695Z"
"marvel","binder","Kingpin's Enforcers","MSH","Marvel Super Heroes","102","foil","common","1","113751","64056edb-6de2-4694-b771-f35542c25771","0.29","false","false","near_mint","en","AUD","2026-07-25T14:31:28.696Z"
"marvel","binder","Guerrilla Gorilla","MSH","Marvel Super Heroes","169","foil","common","1","113920","af6bc9d2-5783-489a-8963-af65f54f4f17","0.32","false","false","near_mint","en","AUD","2026-07-25T14:31:28.697Z"
"marvel","binder","Echo, Perceptive Prodigy","MSH","Marvel Super Heroes","51","foil","uncommon","2","113260","cd9b9be6-0143-467c-8a2a-937ecafe0473","0.56","false","false","near_mint","en","AUD","2026-07-25T14:31:28.698Z"
"marvel","binder","Avengers Tower","MSH","Marvel Super Heroes","260","foil","uncommon","1","113374","88f0d9c9-8a1f-4b5a-b6f9-821ddd658d27","0.46","false","false","near_mint","en","AUD","2026-07-25T14:31:28.699Z"
"marvel","binder","Accelerated Evolution","MSC","Marvel Super Heroes Commander","711","foil","common","1","113597","2b13c4de-241c-4c34-a140-0b599c61226d","0.33","false","false","near_mint","en","AUD","2026-07-25T14:31:28.700Z"
"marvel","binder","Think Twice","MSC","Marvel Super Heroes Commander","787","foil","common","1","113832","85835de4-66ea-4ba1-87ca-6bcec2a8660a","0.34","false","false","near_mint","en","AUD","2026-07-25T14:31:28.701Z"
"marvel","binder","Sky Cycle","MSC","Marvel Super Heroes Commander","704","foil","uncommon","1","113708","544383c3-935b-4050-87e1-30f60ba29acd","0.56","false","false","near_mint","en","AUD","2026-07-25T14:31:28.702Z"
"marvel","binder","Mole Man, Moloid Master","MSH","Marvel Super Heroes","177","foil","rare","1","113359","1b406cc5-75c9-430a-83a2-de0f2a8aeae6","2.32","false","false","near_mint","en","AUD","2026-07-25T14:31:28.705Z"
"marvel","binder","Sungrass Prairie","MSC","Marvel Super Heroes Commander","270","foil","rare","1","114316","841f369e-6532-469c-8565-78094b33a3d9","2.57","false","false","near_mint","en","AUD","2026-07-25T14:31:28.706Z"
"marvel","binder","Captain America, Wings of Freedom","MSH","Marvel Super Heroes","353","normal","rare","1","113406","309e72e0-d47e-49af-b85a-45b51afb65b1","2.95","false","false","near_mint","en","AUD","2026-07-25T14:31:28.707Z"
"marvel","binder","Archangel of Thune","MAR","Marvel Universe","41","normal","mythic","1","114115","5d393449-bdbe-4638-ba0b-7ec83f81b51e","28.79","false","false","near_mint","en","AUD","2026-07-25T14:31:28.708Z"
"marvel","binder","King T'Challa // Black Panther, Hope Enduring","MSH","Marvel Super Heroes","399","foil","mythic","1","113262","d1d8391c-dacc-4f21-a40e-5ca53a787f0d","89.44","false","false","near_mint","en","AUD","2026-07-25T14:31:28.709Z"
"marvel","binder","Sundering Growth","MAR","Marvel Universe","95","normal","mythic","1","113295","2aa6ff08-efd2-4f51-b899-19ba6815767a","1.46","false","false","near_mint","en","AUD","2026-07-26T11:18:38.069Z"
"marvel","binder","HYDRA Assault Robot","MSH","Marvel Super Heroes","137","foil","common","1","114044","e3b23fff-7d3b-4341-b556-82136f8c113b","0.36","false","false","near_mint","en","AUD","2026-07-26T11:18:38.070Z"
"marvel","binder","I Am Iron Man","MSH","Marvel Super Heroes","58","foil","common","1","113885","9c401abb-5978-41c0-962b-0432f9433929","0.37","false","false","near_mint","en","AUD","2026-07-26T11:18:38.071Z"
"marvel","binder","Baxter Building","MSH","Marvel Super Heroes","261","foil","uncommon","1","113358","1abc652f-8e9d-4df7-bc4e-d8b515a40fec","0.47","false","false","near_mint","en","AUD","2026-07-26T11:18:38.073Z"
"marvel","binder","Mockingbird, Ace Agent","MSH","Marvel Super Heroes","22","foil","uncommon","1","113537","0f5701ac-ec30-4fb1-bd71-4bac4693c075","0.33","false","false","near_mint","en","AUD","2026-07-26T11:18:38.074Z"
"marvel","binder","Extremis Elite","MSC","Marvel Super Heroes Commander","763","foil","common","1","113540","102840eb-2fc2-4e93-ac60-035160b4a182","0.46","false","false","near_mint","en","AUD","2026-07-26T11:18:38.076Z"
"marvel","binder","Big Bertha","MSC","Marvel Super Heroes Commander","714","foil","uncommon","1","113952","bca1d8ba-69a5-4246-bfb8-150d72206c18","1.05","false","false","near_mint","en","AUD","2026-07-26T11:18:38.077Z"
"marvel","binder","Spider-Man, Web-Spinner","MSC","Marvel Super Heroes Commander","832","foil","mythic","1","113912","acf20da5-e460-4191-ad68-eae398bb7c5d","33.99","false","false","near_mint","en","AUD","2026-07-26T11:18:38.080Z"
"marvel","binder","Choked Estuary","MSC","Marvel Super Heroes Commander","229","foil","rare","1","114213","0c37e84e-e7e0-4dfe-bf17-daeb2e434861","0.62","false","false","near_mint","en","AUD","2026-07-26T11:18:38.081Z"
"marvel","binder","Loki, God of Lies","MSC","Marvel Super Heroes Commander","512","foil","rare","1","114531","b519a04b-64a6-456f-b02a-a54be50342be","2.84","false","false","near_mint","en","AUD","2026-07-26T11:18:38.082Z"
"marvel","binder","Cloak and Dagger, Entwined","MSH","Marvel Super Heroes","211","foil","rare","1","114096","fa01d35f-1064-4a7c-9475-4504566df850","0.52","false","false","near_mint","en","AUD","2026-07-26T11:18:38.083Z"
"marvel","binder","Villain","TMSH","Marvel Super Heroes Tokens","9","foil","common","1","114297","4a51b6a0-9a54-4f01-b959-0a28c15d103f","","false","false","near_mint","en","AUD","2026-07-26T11:18:38.084Z"
"marvel","binder","Hawkeye, Master Marksman","MSH","Marvel Super Heroes","367","foil","rare","1","113420","972aedc2-c645-45d7-8976-de1fd504e819","2.44","false","false","near_mint","en","AUD","2026-07-26T12:16:11.651Z"
"marvel","binder","Reconnaissance Mission","MAR","Marvel Universe","59","normal","mythic","1","113305","875dfbf5-9313-439b-b021-8b92d898baa4","1.39","false","false","near_mint","en","AUD","2026-07-26T12:16:11.652Z"
"marvel","binder","Storm, Windrider","MSH","Marvel Super Heroes","375","normal","rare","1","113403","2c4a0e2c-1037-44cd-9630-b5511d82f9cb","3.79","false","false","near_mint","en","AUD","2026-07-26T12:16:11.653Z"
"marvel","binder","Loyal Retainers","MSC","Marvel Super Heroes Commander","136","normal","mythic","1","114291","3092e715-36cf-4b41-95c1-cf271646db39","0.44","false","false","near_mint","en","AUD","2026-07-26T12:16:11.654Z"
"marvel","binder","The Unbeatable Squirrel Girl","MSH","Marvel Super Heroes","193","foil","rare","1","113268","d8b94ebb-0b3a-4e68-8c0c-3a61ac32f3ef","11.42","false","false","near_mint","en","AUD","2026-07-26T12:16:11.655Z"
"marvel","binder","Forest","MSH","Marvel Super Heroes","285","foil","common","2","113276","e5da22bf-bc8a-4810-b273-1e33a6b37323","0.51","false","false","near_mint","en","AUD","2026-07-26T12:16:11.656Z"
"marvel","binder","Mister Fantastic, Reed Richards","MSH","Marvel Super Heroes","320","foil","uncommon","1","113207","6fa1c908-68cb-4832-b972-f9efe7d55cdb","0.85","false","false","near_mint","en","AUD","2026-07-26T12:16:11.657Z"
"marvel","binder","MJ, Rising Star","SPE","Marvel's Spider-Man Eternal","3","foil","uncommon","1","107630","46734558-4af4-4773-8c13-59e110bacae9","0.69","false","false","near_mint","en","AUD","2026-07-26T12:16:11.658Z"
"marvel","binder","Abomination, Terrifying Titan","MSH","Marvel Super Heroes","198","foil","uncommon","1","113361","2c6ab9bb-dba2-4b5b-a4d9-54735f65ac21","0.43","false","false","near_mint","en","AUD","2026-07-26T12:16:11.662Z"
"marvel","binder","Raft Security Officer","MSH","Marvel Super Heroes","33","foil","common","1","114095","f9b9f9d6-b50c-4b29-80be-284ba773c70b","0.23","false","false","near_mint","en","AUD","2026-07-26T12:16:11.663Z"
"marvel","binder","Ant-Man's Army","MSH","Marvel Super Heroes","161","foil","common","1","113743","61a89566-06c1-404f-8217-e5276e2dc5a2","0.36","false","false","near_mint","en","AUD","2026-07-26T12:16:11.664Z"
"marvel","binder","Birnin Zana Plaza","MSH","Marvel Super Heroes","262","foil","common","1","113655","41463827-46de-40c4-ac2b-1fdf6aa36f65","0.39","false","false","near_mint","en","AUD","2026-07-27T11:08:44.383Z"
"marvel","binder","Hire a Crew","MSH","Marvel Super Heroes","134","foil","common","1","113696","50a6aa80-79a3-46f3-9cc1-5bf663b64976","0.26","false","false","near_mint","en","AUD","2026-07-27T11:08:44.384Z"
"marvel","binder","Claim the Kingdom","MSH","Marvel Super Heroes","163","foil","uncommon","1","113428","cf13bfb1-5b44-4363-8de9-ece234233870","0.55","false","false","near_mint","en","AUD","2026-07-27T11:08:44.385Z"
"marvel","binder","Hulk, Gamma Goliath","MSH","Marvel Super Heroes","215","foil","uncommon","1","113201","682b9f91-18bb-4113-9d5c-a381c191def9","0.5","false","false","near_mint","en","AUD","2026-07-27T11:08:44.386Z"
"marvel","binder","Inner Demons Gangsters","SPM","Marvel's Spider-Man","57","foil","common","1","108594","f0252819-4eda-457d-9688-b08b83b1edc9","0.36","false","false","near_mint","en","AUD","2026-07-27T11:08:44.387Z"
"marvel","binder","Mist-Cloaked Herald","MSC","Marvel Super Heroes Commander","760","foil","common","1","113579","1e19ed76-26fe-4e39-8d65-959ae5675d5e","0.44","false","false","near_mint","en","AUD","2026-07-27T11:08:44.388Z"
"marvel","binder","Wakandan Tusker","MSC","Marvel Super Heroes Commander","748","foil","uncommon","2","113725","5c390e05-2f69-45af-9646-eded19d45dd8","0.44","false","false","near_mint","en","AUD","2026-07-27T11:08:44.389Z"
"marvel","binder","Red Hulk","MSH","Marvel Super Heroes","329","foil","uncommon","1","113814","7e623818-838b-4c02-a23a-498cf18d70d6","0.6","false","false","near_mint","en","AUD","2026-07-27T11:08:44.390Z"
"marvel","binder","Iron Fist, Hero for Hire","MSC","Marvel Super Heroes Commander","692","foil","rare","1","113890","9f1cdf84-c034-4435-8ce7-50f6b777fb57","1.46","false","false","near_mint","en","AUD","2026-07-27T11:08:44.392Z"
"marvel","binder","Luxury Suite","MSC","Marvel Super Heroes Commander","252","foil","rare","1","114223","3c409d1e-f634-44a2-8fcf-dcdcb0babc3f","23.37","false","false","near_mint","en","AUD","2026-07-27T11:08:44.393Z"
"marvel","binder","Sword of Fire and Ice","MAR","Marvel Universe","100","normal","mythic","1","114116","908770e0-5927-486a-b99b-64f165da4d90","37.0","false","false","near_mint","en","AUD","2026-07-27T11:08:44.394Z"
"marvel","binder","Iron Man, Titan of Innovation","MAR","Marvel Universe","91","normal","mythic","1","113293","20d54b22-62e8-48ac-ba65-0bdbf42d6cad","18.18","false","false","near_mint","en","AUD","2026-07-27T11:08:44.395Z"
"marvel","binder","Agent Phil Coulson","MSH","Marvel Super Heroes","4","foil","rare","1","113135","1383e587-df58-4b45-9067-b9399e90b9ed","0.72","false","false","near_mint","en","AUD","2026-07-27T11:08:44.396Z"
"marvel","binder","Serpent Specialist","MSH","Marvel Super Heroes","186","foil","common","1","113779","72727c2a-08a9-47bc-a5eb-cda52e21684b","0.43","false","false","near_mint","en","AUD","2026-07-27T11:08:44.397Z"
"marvel","binder","Hex Magic","MSH","Marvel Super Heroes","133","foil","uncommon","1","113591","259bed47-1950-43ae-8efd-3009537529a8","5.6","false","false","near_mint","en","AUD","2026-07-27T11:08:44.400Z"
"marvel","binder","Spider-Man, To the Rescue","MSH","Marvel Super Heroes","228","foil","uncommon","1","114050","e5db6968-1ca3-46bd-8cf9-e2c411ab29c1","0.36","false","false","near_mint","en","AUD","2026-07-27T11:08:44.401Z"
"marvel","binder","Scout the City","SPM","Marvel's Spider-Man","113","foil","common","1","107653","90b9504d-d23d-402f-8b16-1964ebd8f6b9","0.32","false","false","near_mint","en","AUD","2026-07-27T11:08:44.403Z"
"marvel","binder","Flash Thompson, Spider-Fan","SPM","Marvel's Spider-Man","7","foil","uncommon","1","108513","44cf372b-f668-45e9-981e-4533295dcc74","0.3","false","false","near_mint","en","AUD","2026-07-27T11:08:44.404Z"
"marvel","binder","Invisible Force Field","MSC","Marvel Super Heroes Commander","311","normal","rare","1","114384","2ec8d667-079d-4232-9e70-812988432f50","4.16","false","false","near_mint","en","AUD","2026-07-27T11:08:44.408Z"
"marvel","binder","Avengers: Under Siege","MSH","Marvel Super Heroes","306","normal","rare","1","113645","3e02a423-363a-422e-b71b-0daf3722ffcc","0.56","false","false","near_mint","en","AUD","2026-07-27T11:08:44.409Z"
"marvel","binder","Privileged Position","MAR","Marvel Universe","92","foil","mythic","1","113290","05961dad-9fe6-409f-8bfd-c6176072e9b1","4.33","false","false","near_mint","en","AUD","2026-07-27T11:08:44.410Z"
"marvel","binder","Storm, Windrider","MSH","Marvel Super Heroes","375","foil","rare","1","113403","2c4a0e2c-1037-44cd-9630-b5511d82f9cb","6.47","false","false","near_mint","en","AUD","2026-07-27T11:08:44.411Z"
"marvel","binder","Hero","TMSH","Marvel Super Heroes Tokens","2","foil","common","1","114575","e4a64831-eec5-4fc9-8904-19523af3ca42","","false","false","near_mint","en","AUD","2026-07-27T11:08:44.412Z"
"marvel","binder","Blazing Crescendo","MSH","Marvel Super Heroes","125","foil","common","2","113828","8447c3d6-8c65-4d3c-81c4-609801602d06","0.34","false","false","near_mint","en","AUD","2026-07-27T11:08:44.382Z"
"marvel","binder","The Sentry, Golden Guardian","MSH","Marvel Super Heroes","358","foil","rare","1","113205","6ba62e03-d8e6-4cd9-8997-0784c01ae8c6","5.21","false","false","near_mint","en","AUD","2026-07-29T02:56:35.818Z"
"marvel","binder","Monstrous Rage","MAR","Marvel Universe","72","normal","mythic","1","113308","9ebf25f9-844c-40c6-b0f0-d5c82ee04656","1.42","false","false","near_mint","en","AUD","2026-07-29T02:56:35.819Z"
"marvel","binder","Nick Fury, Agent of S.H.I.E.L.D.","MSH","Marvel Super Heroes","314","foil","rare","1","113415","7370a565-274e-4a91-acae-a920ee1c7719","5.88","false","false","near_mint","en","AUD","2026-07-29T02:56:35.820Z"
"marvel","binder","Cosmic Crucible","MSC","Marvel Super Heroes Commander","79","foil","rare","1","114156","7436364b-5604-44c8-b539-9b7c3221ccdf","3.87","false","false","near_mint","en","AUD","2026-07-29T02:56:35.821Z"
"marvel","binder","Avengers Disassembled","MSH","Marvel Super Heroes","124","foil","rare","1","113370","72d3e750-870b-497d-80d7-e3df097db554","1.65","false","false","near_mint","en","AUD","2026-07-29T02:56:35.822Z"
"marvel","binder","Flying Octobot","SPM","Marvel's Spider-Man","31","foil","uncommon","1","107681","ebadcd4a-f58f-4328-a765-0ea8d8028417","0.44","false","false","near_mint","en","AUD","2026-07-29T02:56:35.825Z"
"marvel","binder","Collector's Case","MSC","Marvel Super Heroes Commander","617","foil","common","1","113619","3449300f-c09d-48b7-8aec-08dd518ddc26","0.4","false","false","near_mint","en","AUD","2026-07-29T02:56:35.826Z"
"marvel","binder","Selfless Police Captain","SPM","Marvel's Spider-Man","12","foil","common","1","107685","fb0fd7bd-10d0-4d29-af88-387d1e07f3b7","0.33","false","false","near_mint","en","AUD","2026-07-29T02:56:35.827Z"
"marvel","binder","Evil's Thrall","MSH","Marvel Super Heroes","128","foil","uncommon","1","113363","310e30cd-b8c3-40ea-9d61-57c5c5fc2a0b","0.4","false","false","near_mint","en","AUD","2026-07-29T02:56:35.828Z"
"marvel","binder","Hydraulic Helper","MSH","Marvel Super Heroes","57","foil","common","1","113523","06d8a2a0-775b-4813-973f-8b15612b38d1","0.26","false","false","near_mint","en","AUD","2026-07-29T02:56:35.830Z"
"marvel","binder","Pym Technologies","MSH","Marvel Super Heroes","271","foil","common","1","113578","1de583ce-e805-45f1-907f-198bc82fd3b5","0.32","false","false","near_mint","en","AUD","2026-07-29T02:56:35.831Z"
"marvel","binder","Atlantis Attacks","MSH","Marvel Super Heroes","46","foil","common","1","113653","40bc4380-055d-4913-93cb-280c9c1d1a87","0.26","false","false","near_mint","en","AUD","2026-07-29T02:56:35.832Z"
"marvel","binder","Thor, God of Thunder","MSH","Marvel Super Heroes","369","foil","mythic","1","113143","20b7cb55-16bf-4329-a711-3dbcdaab728b","77.85","false","false","near_mint","en","AUD","2026-07-29T02:56:35.833Z"
"marvel","binder","Jennifer Walters // The Sensational She-Hulk","MSH","Marvel Super Heroes","328","foil","mythic","1","114073","eec216e1-971b-490f-aba7-2d5bd5085023","68.61","false","false","near_mint","en","AUD","2026-07-29T02:56:35.834Z"
"marvel","binder","The Scarlet Witch","MSH","Marvel Super Heroes","368","normal","rare","1","113181","4bf2a4dc-c4aa-453a-ad18-1af42eb59f40","6.12","false","false","near_mint","en","AUD","2026-07-29T02:56:35.836Z"
"marvel","binder","Radiant Summit","MSC","Marvel Super Heroes Commander","258","foil","rare","1","113821","81b619cc-900c-4d65-83da-8b9dcb370984","1.81","false","false","near_mint","en","AUD","2026-07-29T02:56:35.837Z"
"marvel","binder","Infinity Formula","MSC","Marvel Super Heroes Commander","601","foil","common","1","113561","18286716-cdd6-4035-af0d-8e0a8dde68f7","0.49","false","false","near_mint","en","AUD","2026-07-29T02:56:35.841Z"
"marvel","binder","Hellcat, Undying Vigilante","MSH","Marvel Super Heroes","170","foil","uncommon","1","113267","d7922c5f-d6ee-4b62-a537-3be5aa280e10","0.37","false","false","near_mint","en","AUD","2026-07-29T02:56:35.842Z"
"marvel","binder","Pym Particles","MSH","Marvel Super Heroes","70","foil","uncommon","1","113418","928dfa54-1ead-4eff-a538-36cb94f05b78","0.59","false","false","near_mint","en","AUD","2026-07-29T02:56:35.843Z"
"marvel","binder","Ultron Drone","MSH","Marvel Super Heroes","253","foil","common","1","113549","149a0a3b-c470-414c-a7de-d773b8b4cc82","0.37","false","false","near_mint","en","AUD","2026-07-29T02:56:35.845Z"
"marvel","binder","Roxxon Brutes","MSH","Marvel Super Heroes","113","foil","common","1","113414","66550490-74e1-4bf1-8741-1266dfab3a03","0.24","false","false","near_mint","en","AUD","2026-07-29T02:56:35.846Z"
"Blood Rites","deck","Clavileño, First of the Blessed","LCC","The Lost Caverns of Ixalan Commander","2","foil","mythic","1","","9f55b648-b1ec-407a-a0c7-7647755793d1","","false","false","near_mint","en","AUD",""
"Blood Rites","deck","Arcane Signet","LCC","The Lost Caverns of Ixalan Commander","299","normal","common","1","","fc6c69a0-ac24-4486-8893-a6303d08fc6e","","false","false","near_mint","en","AUD",""
"Blood Rites","deck","Austere Command","LCC","The Lost Caverns of Ixalan Commander","126","normal","rare","1","","cf1f630e-8b55-4f5a-a7f2-3161801de767","","false","false","near_mint","en","AUD",""
"Blood Rites","deck","Bartolomé del Presidio","LCI","The Lost Caverns of Ixalan","224","normal","uncommon","1","","690ccdc7-6c43-4902-9d11-2f07b7a36b11","","false","false","near_mint","en","AUD",""
"Blood Rites","deck","Blade of the Bloodchief","LCC","The Lost Caverns of Ixalan Commander","300","normal","rare","1","","34e7bebf-1844-476c-a947-978393908fa2","","false","false","near_mint","en","AUD",""
"Blood Rites","deck","Blood Artist","LCC","The Lost Caverns of Ixalan Commander","182","normal","uncommon","1","","b7f1c316-cf2f-4bbf-89a1-79c8043bdd96","","false","false","near_mint","en","AUD",""
"Blood Rites","deck","Bloodghast","LCC","The Lost Caverns of Ixalan Commander","184","normal","rare","1","","08e01310-d192-41e9-a6f0-0edbd6fb3cfb","","false","false","near_mint","en","AUD",""
"Blood Rites","deck","Bloodline Necromancer","LCC","The Lost Caverns of Ixalan Commander","185","normal","uncommon","1","","6b1e719c-4679-4cf0-8ca4-ae740eb0ba92","","false","false","near_mint","en","AUD",""
"Blood Rites","deck","Bloodtracker","LCC","The Lost Caverns of Ixalan Commander","186","normal","rare","1","","d654462f-5346-454f-9905-41218cf6b29e","","false","false","near_mint","en","AUD",""
"Blood Rites","deck","Bojuka Bog","LCC","The Lost Caverns of Ixalan Commander","320","normal","common","1","","0c7d4fbe-fa7a-4b34-b339-197f08409cbf","","false","false","near_mint","en","AUD",""
"Blood Rites","deck","Butcher of Malakir","LCC","The Lost Caverns of Ixalan Commander","187","normal","rare","1","","9d805499-0739-403e-8447-ed2707dc9eb2","","false","false","near_mint","en","AUD",""
"Blood Rites","deck","Carmen, Cruel Skymarcher","LCC","The Lost Caverns of Ixalan Commander","5","foil","mythic","1","","c0e07f8a-5290-47c4-a93d-0c3a14afebd3","","false","false","near_mint","en","AUD",""
"Blood Rites","deck","Champion of Dusk","LCC","The Lost Caverns of Ixalan Commander","188","normal","rare","1","","5fa1674a-86cc-4fdf-8671-860b2bf5043d","","false","false","near_mint","en","AUD",""
"Blood Rites","deck","Charismatic Conqueror","LCC","The Lost Caverns of Ixalan Commander","70","normal","rare","1","","599c934d-bfff-43ce-a545-6e3cde124515","","false","false","near_mint","en","AUD",""
"Blood Rites","deck","Command Tower","LCC","The Lost Caverns of Ixalan Commander","325","normal","common","1","","d477d733-2360-4f1d-9ecd-cdedc2e8a7ae","","false","false","near_mint","en","AUD",""
"Blood Rites","deck","Commander's Sphere","LCC","The Lost Caverns of Ixalan Commander","301","normal","common","1","","c643146f-da7b-4cc0-b874-4accad99ccce","","false","false","near_mint","en","AUD",""
"Blood Rites","deck","Cordial Vampire","LCC","The Lost Caverns of Ixalan Commander","189","normal","rare","1","","0d91e61d-e3bf-4ddc-9f01-18b1abe35a61","","false","false","near_mint","en","AUD",""
"Blood Rites","deck","Crossway Troublemakers","LCC","The Lost Caverns of Ixalan Commander","190","normal","rare","1","","95ef4f86-9b96-4181-9442-44adce180984","","false","false","near_mint","en","AUD",""
"Blood Rites","deck","Cruel Celebrant","LCC","The Lost Caverns of Ixalan Commander","267","normal","uncommon","1","","b3f8be99-a398-4664-beb6-3e98d6e62a32","","false","false","near_mint","en","AUD",""
"Blood Rites","deck","Damn","LCC","The Lost Caverns of Ixalan Commander","191","normal","rare","1","","84056124-1a6f-4274-bee2-74cf0debddb5","","false","false","near_mint","en","AUD",""
"Blood Rites","deck","Drana, Liberator of Malakir","LCC","The Lost Caverns of Ixalan Commander","193","normal","mythic","1","","0850b41d-3589-40cd-ae22-cc5b4ddee1c4","","false","false","near_mint","en","AUD",""
"Blood Rites","deck","Dusk Legion Sergeant","LCC","The Lost Caverns of Ixalan Commander","80","normal","rare","1","","5bfc9243-7aec-48e6-9f3b-1bbbb5370063","","false","false","near_mint","en","AUD",""
"Blood Rites","deck","Dusk Legion Zealot","LCC","The Lost Caverns of Ixalan Commander","194","normal","common","1","","72048624-e3fd-4e9b-91a9-996ea3a1a74f","","false","false","near_mint","en","AUD",""
"Blood Rites","deck","Elenda, the Dusk Rose","LCC","The Lost Caverns of Ixalan Commander","268","normal","mythic","1","","e18feca3-1b1b-4456-8873-25a24849a917","","false","false","near_mint","en","AUD",""
"Blood Rites","deck","Elenda's Hierophant","LCC","The Lost Caverns of Ixalan Commander","71","normal","rare","1","","d12f728a-1bbb-4bee-96d4-d721292997ba","","false","false","near_mint","en","AUD",""
"Blood Rites","deck","Etchings of the Chosen","LCC","The Lost Caverns of Ixalan Commander","269","normal","uncommon","1","","496e4759-9d6b-42fa-833c-1fff2c9d03f2","","false","false","near_mint","en","AUD",""
"Blood Rites","deck","Exquisite Blood","LCC","The Lost Caverns of Ixalan Commander","195","normal","rare","1","","0e8ccfa7-4178-476a-a155-0ca1c98556c9","","false","false","near_mint","en","AUD",""
"Blood Rites","deck","Falkenrath Noble","LCC","The Lost Caverns of Ixalan Commander","196","normal","uncommon","1","","0fad9e17-c45c-4f94-af5b-63dc1dda1e5b","","false","false","near_mint","en","AUD",""
"Blood Rites","deck","Glass-Cast Heart","LCC","The Lost Caverns of Ixalan Commander","199","normal","rare","1","","f36a4054-903c-468a-877b-0ba43a403cc1","","false","false","near_mint","en","AUD",""
"Blood Rites","deck","Heirloom Blade","LCC","The Lost Caverns of Ixalan Commander","303","normal","uncommon","1","","49fe8b13-3f83-4a35-aa2d-2292b96f3d3e","","false","false","near_mint","en","AUD",""
"Blood Rites","deck","Indulgent Aristocrat","LCC","The Lost Caverns of Ixalan Commander","200","normal","uncommon","1","","296e4dc6-6997-4c4a-8137-c0835b44a1c9","","false","false","near_mint","en","AUD",""
"Blood Rites","deck","Isolated Chapel","LCC","The Lost Caverns of Ixalan Commander","337","normal","rare","1","","c688891e-0a25-4630-acfc-c3a0bed2b2f2","","false","false","near_mint","en","AUD",""
"Blood Rites","deck","Kindred Boon","LCC","The Lost Caverns of Ixalan Commander","129","normal","rare","1","","a9d21710-3006-45a0-9af2-275159bb5315","","false","false","near_mint","en","AUD",""
"Blood Rites","deck","Legion Lieutenant","LCC","The Lost Caverns of Ixalan Commander","275","normal","uncommon","1","","85c6bd7d-537a-42fe-9c68-742bdf2e7025","","false","false","near_mint","en","AUD",""
"Blood Rites","deck","March of the Canonized","LCC","The Lost Caverns of Ixalan Commander","73","normal","rare","1","","547581d0-025a-435a-8016-ee7c6b890e53","","false","false","near_mint","en","AUD",""
"Blood Rites","deck","Martyr of Dusk","LCC","The Lost Caverns of Ixalan Commander","132","normal","common","1","","d32e68b4-2584-4b1c-9268-642e3678bae7","","false","false","near_mint","en","AUD",""
"Blood Rites","deck","Master of Dark Rites","LCC","The Lost Caverns of Ixalan Commander","83","normal","rare","1","","6394a522-37bb-4cf3-b434-5121c8000ac6","","false","false","near_mint","en","AUD",""
"Blood Rites","deck","Mavren Fein, Dusk Apostle","LCC","The Lost Caverns of Ixalan Commander","133","normal","rare","1","","fdc3e998-760b-41ca-9f92-270aaa82f3fb","","false","false","near_mint","en","AUD",""
"Blood Rites","deck","Mind Stone","LCC","The Lost Caverns of Ixalan Commander","309","normal","common","1","","8615e46e-56c3-49f6-b4ad-44ec25be5f05","","false","false","near_mint","en","AUD",""
"Blood Rites","deck","Myriad Landscape","LCC","The Lost Caverns of Ixalan Commander","343","normal","uncommon","1","","92a45243-2ea9-4da1-984b-287a555a51f4","","false","false","near_mint","en","AUD",""
"Blood Rites","deck","New Blood","LCC","The Lost Caverns of Ixalan Commander","202","normal","rare","1","","6ee669ab-0ae6-43e5-86fd-f0dcb621e478","","false","false","near_mint","en","AUD",""
"Blood Rites","deck","Nighthawk Scavenger","LCC","The Lost Caverns of Ixalan Commander","203","normal","rare","1","","ebc64d89-4fa0-40fc-9d93-154d50deaaa1","","false","false","near_mint","en","AUD",""
"Blood Rites","deck","Oathsworn Vampire","LCC","The Lost Caverns of Ixalan Commander","204","normal","uncommon","1","","cde542de-0b87-4eb1-be05-abdb729ada10","","false","false","near_mint","en","AUD",""
"Blood Rites","deck","Olivia's Wrath","LCC","The Lost Caverns of Ixalan Commander","205","normal","rare","1","","3eb5cc8d-a198-43cd-a2bd-9c9414d815b2","","false","false","near_mint","en","AUD",""
"Blood Rites","deck","Order of Sacred Dusk","LCC","The Lost Caverns of Ixalan Commander","97","normal","rare","1","","32f34099-c6ff-49d2-911a-23ab806c77e9","","false","false","near_mint","en","AUD",""
"Blood Rites","deck","Orzhov Basilica","LCC","The Lost Caverns of Ixalan Commander","345","normal","common","1","","315107f2-3c1c-43b5-aa23-80ec8f722861","","false","false","near_mint","en","AUD",""
"Blood Rites","deck","Orzhov Signet","LCC","The Lost Caverns of Ixalan Commander","310","normal","uncommon","1","","0f0d3c9c-7b3d-4dd1-bf0a-41652e2e1f94","","false","false","near_mint","en","AUD",""
"Blood Rites","deck","Pact of the Serpent","LCC","The Lost Caverns of Ixalan Commander","206","normal","rare","1","","481d268a-848c-4ccd-95ff-eed77dc20776","","false","false","near_mint","en","AUD",""
"Blood Rites","deck","Path of Ancestry","LCC","The Lost Caverns of Ixalan Commander","346","normal","common","1","","f30552a5-db59-4164-bbd2-44bf7ae1e91e","","false","false","near_mint","en","AUD",""
"Blood Rites","deck","Patron of the Vein","LCC","The Lost Caverns of Ixalan Commander","207","normal","rare","1","","a70d7b65-77d0-41d3-9735-d64b9288fde1","","false","false","near_mint","en","AUD",""
"Blood Rites","deck","Plains","LCI","The Lost Caverns of Ixalan","394","normal","common","8","","e06c72cb-03ce-48eb-b5dc-b2301c6871a2","","false","false","near_mint","en","AUD",""
"Blood Rites","deck","Promise of Aclazotz // Foul Rebirth","LCC","The Lost Caverns of Ixalan Commander","84","normal","rare","1","","b88a3b40-bf04-4017-be97-08ab86e331d1","","false","false","near_mint","en","AUD",""
"Blood Rites","deck","Radiant Destiny","LCC","The Lost Caverns of Ixalan Commander","135","normal","rare","1","","d1d03bfb-c3bf-4837-b4df-e6339997dedb","","false","false","near_mint","en","AUD",""
"Blood Rites","deck","Redemption Choir","LCC","The Lost Caverns of Ixalan Commander","74","normal","rare","1","","981dcacb-24a3-43bb-bb64-2b227f31dc3e","","false","false","near_mint","en","AUD",""
"Blood Rites","deck","Return to Dust","LCC","The Lost Caverns of Ixalan Commander","136","normal","uncommon","1","","664e3826-799b-4edb-8811-2d2b6355edaf","","false","false","near_mint","en","AUD",""
"Blood Rites","deck","Rogue's Passage","LCC","The Lost Caverns of Ixalan Commander","349","normal","uncommon","1","","a7dc75a8-c500-4b50-aff9-32ce36566104","","false","false","near_mint","en","AUD",""
"Blood Rites","deck","Sanctum Seeker","LCC","The Lost Caverns of Ixalan Commander","209","normal","rare","1","","893279fb-6f51-4d1e-b2fd-a0cdb603785f","","false","false","near_mint","en","AUD",""
"Blood Rites","deck","Secluded Courtyard","LCC","The Lost Caverns of Ixalan Commander","350","normal","uncommon","1","","26c40b2a-cb27-4fad-a9b2-1fb065d44d77","","false","false","near_mint","en","AUD",""
"Blood Rites","deck","Shineshadow Snarl","LCC","The Lost Caverns of Ixalan Commander","351","normal","rare","1","","3d483bcf-438a-499b-86a5-6357d718faf1","","false","false","near_mint","en","AUD",""
"Blood Rites","deck","Sol Ring","LCC","The Lost Caverns of Ixalan Commander","313","normal","uncommon","1","","2d47121d-8b90-4d28-9ffa-0a640b9dd611","","false","false","near_mint","en","AUD",""
"Blood Rites","deck","Sorin, Lord of Innistrad","LCC","The Lost Caverns of Ixalan Commander","289","normal","mythic","1","","ab98caf7-cc24-4027-ad8a-026150b61858","","false","false","near_mint","en","AUD",""
"Blood Rites","deck","Swamp","LCI","The Lost Caverns of Ixalan","397","normal","common","13","","4f893107-84b0-4e3f-b1f5-b04632f192c5","","false","false","near_mint","en","AUD",""
"Blood Rites","deck","Swiftfoot Boots","LCC","The Lost Caverns of Ixalan Commander","314","normal","uncommon","1","","a3b1da84-9c26-4c3c-b90f-43a0b2b20103","","false","false","near_mint","en","AUD",""
"Blood Rites","deck","Swords to Plowshares","LCC","The Lost Caverns of Ixalan Commander","137","normal","uncommon","1","","7cdee412-3519-4626-80ca-e3e431a604f0","","false","false","near_mint","en","AUD",""
"Blood Rites","deck","Tainted Field","LCC","The Lost Caverns of Ixalan Commander","356","normal","uncommon","1","","299b3b1d-4c31-4701-870e-15ee1ef85cd2","","false","false","near_mint","en","AUD",""
"Blood Rites","deck","Talisman of Hierarchy","LCC","The Lost Caverns of Ixalan Commander","315","normal","uncommon","1","","16d49e21-dbe6-41da-b4b0-fd587e3326a5","","false","false","near_mint","en","AUD",""
"Blood Rites","deck","Temple of Silence","LCC","The Lost Caverns of Ixalan Commander","358","normal","rare","1","","dbd36bbb-2d0e-4d81-9646-b8263ef29a8e","","false","false","near_mint","en","AUD",""
"Blood Rites","deck","Temple of the False God","LCC","The Lost Caverns of Ixalan Commander","359","normal","uncommon","1","","96a31b2d-ee3f-48e5-b0dd-481a0c3efea2","","false","false","near_mint","en","AUD",""
"Blood Rites","deck","Timothar, Baron of Bats","LCC","The Lost Caverns of Ixalan Commander","210","normal","mythic","1","","7b01ecb8-02e2-4da2-8bf3-9c3753b23ba4","","false","false","near_mint","en","AUD",""
"Blood Rites","deck","Twilight Prophet","LCC","The Lost Caverns of Ixalan Commander","211","normal","mythic","1","","41f90e2b-cdbb-4a7c-aba0-c72055b414ed","","false","false","near_mint","en","AUD",""
"Blood Rites","deck","Unclaimed Territory","LCC","The Lost Caverns of Ixalan Commander","366","normal","uncommon","1","","e7bd3aaa-864c-4cbb-bbab-68d87c824e3d","","false","false","near_mint","en","AUD",""
"Blood Rites","deck","Utter End","LCC","The Lost Caverns of Ixalan Commander","292","normal","rare","1","","b7d2161e-8ef5-463d-a84f-966e4419fc6c","","false","false","near_mint","en","AUD",""
"Blood Rites","deck","Vault of the Archangel","LCC","The Lost Caverns of Ixalan Commander","367","normal","rare","1","","03a91bc2-bf45-45f3-8a14-911b6148720b","","false","false","near_mint","en","AUD",""
"Blood Rites","deck","Village Rites","LCC","The Lost Caverns of Ixalan Commander","212","normal","common","1","","2841339b-faef-407d-9838-d03fe80e6294","","false","false","near_mint","en","AUD",""
"Blood Rites","deck","Viscera Seer","LCC","The Lost Caverns of Ixalan Commander","213","normal","common","1","","486fd8a2-dd97-4082-84ef-4795c7e559a0","","false","false","near_mint","en","AUD",""
"Blood Rites","deck","Voldaren Estate","LCC","The Lost Caverns of Ixalan Commander","369","normal","rare","1","","1fcbc704-4fb3-49c3-9040-aa1681e86e2c","","false","false","near_mint","en","AUD",""
"Blood Rites","deck","Vona, Butcher of Magan","LCC","The Lost Caverns of Ixalan Commander","293","normal","mythic","1","","27beed9c-a42e-46de-8fbc-885da337ae75","","false","false","near_mint","en","AUD",""
"Blood Rites","deck","Wayfarer's Bauble","LCC","The Lost Caverns of Ixalan Commander","317","normal","common","1","","2eb513b3-9c9e-4837-8f58-67d698677041","","false","false","near_mint","en","AUD",""
"Blood Rites","deck","Welcoming Vampire","LCC","The Lost Caverns of Ixalan Commander","140","normal","rare","1","","2ea7710e-2eae-47e7-bcb1-3465f8b62728","","false","false","near_mint","en","AUD",""
"Blood Rites","deck","Windbrisk Heights","LCC","The Lost Caverns of Ixalan Commander","370","normal","rare","1","","047f2401-d2dc-4bfd-a7fa-83ef1d825219","","false","false","near_mint","en","AUD",""
"Blood Rites","deck","Yahenni, Undying Partisan","LCC","The Lost Caverns of Ixalan Commander","214","normal","rare","1","","2b77cd68-fbdd-4bca-a68c-299425588a61","","false","false","near_mint","en","AUD",""
"Eternal Might","deck","Temmet, Naktamun's Will","DRC","Aetherdrift Commander","4","normal","mythic","1","","c0629894-0b72-4abe-9771-03becfdb241c","","false","false","near_mint","en","AUD",""
"Eternal Might","deck","Accursed Duneyard","DRC","Aetherdrift Commander","36","normal","rare","1","","7f288449-e9a8-444e-9639-fbcb742d2409","","false","false","near_mint","en","AUD",""
"Eternal Might","deck","Adarkar Wastes","DMU","Dominaria United","243","normal","rare","1","","08ae1037-6f70-41a9-b75e-98fa9a2152c8","","false","false","near_mint","en","AUD",""
"Eternal Might","deck","Angel of Sanctions","DRC","Aetherdrift Commander","62","normal","mythic","1","","546b6ffc-44e3-4994-b84b-6282c6474a1a","","false","false","near_mint","en","AUD",""
"Eternal Might","deck","Arcane Sanctum","PLST","The List","C18-232","normal","uncommon","1","","ed6aced0-6fa7-4881-bc90-f6003be5b05c","","false","false","near_mint","en","AUD",""
"Eternal Might","deck","Arcane Signet","SCD","Starter Commander Decks","257","normal","common","1","","02cb9420-fbfb-4123-a830-a992ff470db6","","false","false","near_mint","en","AUD",""
"Eternal Might","deck","Archfiend of Ifnir","DRC","Aetherdrift Commander","86","normal","rare","1","","9656903f-bd3e-4944-9f5f-f2d372a19f56","","false","false","near_mint","en","AUD",""
"Eternal Might","deck","Archghoul of Thraben","INR","Innistrad Remastered","95","normal","uncommon","1","","687b8e00-80f4-474b-927f-d208a2e8c205","","false","false","near_mint","en","AUD",""
"Eternal Might","deck","Ash Barrens","PLST","The List","CM2-235","normal","common","1","","6a0c7279-5dfb-4038-ac37-47b39b0340bf","","false","false","near_mint","en","AUD",""
"Eternal Might","deck","Binding Mummy","DRC","Aetherdrift Commander","63","normal","common","1","","5433a7a1-0602-4aa5-ae7e-815b105bc601","","false","false","near_mint","en","AUD",""
"Eternal Might","deck","Bontu's Monument","DRC","Aetherdrift Commander","124","normal","uncommon","1","","ba25bdf9-b6bf-4f4f-af37-8bfb84a74c97","","false","false","near_mint","en","AUD",""
"Eternal Might","deck","Cast Out","DRC","Aetherdrift Commander","64","normal","uncommon","1","","0d403ab1-56d1-44a6-a414-6cc7a114c62d","","false","false","near_mint","en","AUD",""
"Eternal Might","deck","Caves of Koilos","C20","Commander 2020","262","normal","rare","1","","6358592c-b6e8-4263-b96b-c548fdac5193","","false","false","near_mint","en","AUD",""
"Eternal Might","deck","Cemetery Reaper","DRC","Aetherdrift Commander","87","normal","rare","1","","b874f27a-2e10-4331-8f6d-fd3575be0885","","false","false","near_mint","en","AUD",""
"Eternal Might","deck","Champion of Wits","DRC","Aetherdrift Commander","72","normal","rare","1","","cf76d414-9424-4fd5-a1ff-2ff345ad6b0a","","false","false","near_mint","en","AUD",""
"Eternal Might","deck","Command Tower","ELD","Throne of Eldraine","333","normal","common","1","","ec1f1041-f667-4b73-b1f2-e5bcae84095e","","false","false","near_mint","en","AUD",""
"Eternal Might","deck","Corpse Knight","DRC","Aetherdrift Commander","50","normal","uncommon","1","","8859c03c-6c75-402f-9870-d4067a4ec4ed","","false","false","near_mint","en","AUD",""
"Eternal Might","deck","Crowded Crypt","DRC","Aetherdrift Commander","88","normal","rare","1","","d6539667-d082-4f8e-919a-c1882545baea","","false","false","near_mint","en","AUD",""
"Eternal Might","deck","Cryptbreaker","DRC","Aetherdrift Commander","41","normal","rare","1","","a3364105-68e9-45b5-874a-5c273d10f3f9","","false","false","near_mint","en","AUD",""
"Eternal Might","deck","Cryptcaller Chariot","DFT","Aetherdrift","80","normal","rare","1","","a0c8259c-055e-4bff-b945-c0ecb057a8f0","","false","false","near_mint","en","AUD",""
"Eternal Might","deck","Damn","DRC","Aetherdrift Commander","89","normal","rare","1","","1b25c224-4531-4fdc-9845-6663eaf60540","","false","false","near_mint","en","AUD",""
"Eternal Might","deck","Desert of the Glorified","HOU","Hour of Devastation","171","normal","common","1","","04a19aea-209d-4354-8c59-d08244185eb8","","false","false","near_mint","en","AUD",""
"Eternal Might","deck","Desert of the Mindful","HOU","Hour of Devastation","173","normal","common","1","","91b92d87-776c-490f-9ff1-234e47145df8","","false","false","near_mint","en","AUD",""
"Eternal Might","deck","Desert of the True","HOU","Hour of Devastation","174","normal","common","1","","e2d9308c-8af4-4587-b740-aea874d5ccae","","false","false","near_mint","en","AUD",""
"Eternal Might","deck","Despark","DRC","Aetherdrift Commander","115","normal","uncommon","1","","8555d8c1-ef77-4471-8fbf-22bb16d0f040","","false","false","near_mint","en","AUD",""
"Eternal Might","deck","Dimir Signet","DRC","Aetherdrift Commander","129","normal","uncommon","1","","6173d331-1dd9-47e0-bb9c-5655b179737f","","false","false","near_mint","en","AUD",""
"Eternal Might","deck","Dread Summons","DRC","Aetherdrift Commander","90","normal","rare","1","","4d1c1c36-869c-4964-a185-7a9c3a043b2d","","false","false","near_mint","en","AUD",""
"Eternal Might","deck","Dreadhorde Invasion","DRC","Aetherdrift Commander","91","normal","rare","1","","ccd2fc83-7fbe-45c4-a5f3-18a105ce6f09","","false","false","near_mint","en","AUD",""
"Eternal Might","deck","Drowned Catacomb","DRC","Aetherdrift Commander","152","normal","rare","1","","6b4097eb-a1e5-4560-80d8-11bb5628dd0d","","false","false","near_mint","en","AUD",""
"Eternal Might","deck","Dying to Serve","VOW","Innistrad: Crimson Vow","109","normal","rare","1","","c2ea16cd-801e-478a-b924-5431582b70d1","","false","false","near_mint","en","AUD",""
"Eternal Might","deck","Eternal Skylord","DRC","Aetherdrift Commander","76","normal","uncommon","1","","ab5b3aba-8542-4157-b6b6-265611a2a52f","","false","false","near_mint","en","AUD",""
"Eternal Might","deck","Evolving Wilds","M20","Core Set 2020","246","normal","common","1","","ad0fa2fb-6770-4a81-b830-4acfa957655a","","false","false","near_mint","en","AUD",""
"Eternal Might","deck","Exotic Orchard","C19","Commander 2019","242","normal","rare","1","","23de2dc2-348f-4eeb-ae0c-dda422d654b0","","false","false","near_mint","en","AUD",""
"Eternal Might","deck","Fetid Pools","PIP","Fallout","265","normal","rare","1","","1ae00e88-0dfc-477a-a982-0187efe753f2","","false","false","near_mint","en","AUD",""
"Eternal Might","deck","Fleshbag Marauder","DRC","Aetherdrift Commander","92","normal","uncommon","1","","ea3ac95f-23ad-4b05-bfbd-5de667c78ddc","","false","false","near_mint","en","AUD",""
"Eternal Might","deck","Forgotten Creation","DRC","Aetherdrift Commander","77","normal","rare","1","","2ff3a5b6-b39a-45d0-a8f5-1447776bfe74","","false","false","near_mint","en","AUD",""
"Eternal Might","deck","Gate to the Afterlife","DRC","Aetherdrift Commander","130","normal","uncommon","1","","4949afaa-e512-4d2e-aeca-a3e4d37b1335","","false","false","near_mint","en","AUD",""
"Eternal Might","deck","Gempalm Polluter","DRC","Aetherdrift Commander","93","normal","common","1","","2001d23e-feae-4a91-917e-e239b1c2b17c","","false","false","near_mint","en","AUD",""
"Eternal Might","deck","Glacial Fortress","TDC","Tarkir: Dragonstorm Commander","367","normal","rare","1","","2ed2dd5e-f59a-4ce3-a50e-968a1e94f59c","","false","false","near_mint","en","AUD",""
"Eternal Might","deck","Gleaming Overseer","DRC","Aetherdrift Commander","116","normal","uncommon","1","","6369ff49-0b82-4722-b04f-ca5f529d1e82","","false","false","near_mint","en","AUD",""
"Eternal Might","deck","God-Eternal Oketra","DRC","Aetherdrift Commander","66","normal","mythic","1","","6453140c-6588-41d8-b43f-1858d70d9761","","false","false","near_mint","en","AUD",""
"Eternal Might","deck","God-Pharaoh's Gift","DRC","Aetherdrift Commander","131","normal","rare","1","","b34cdeff-f749-4609-93c8-21608106d099","","false","false","near_mint","en","AUD",""
"Eternal Might","deck","Grave Titan","DRC","Aetherdrift Commander","42","normal","mythic","1","","179c5a3a-ea17-46bb-9a61-18b31f4705a9","","false","false","near_mint","en","AUD",""
"Eternal Might","deck","Gravecrawler","DRC","Aetherdrift Commander","43","normal","rare","1","","08ef7130-5051-4e2c-b473-2dae3176078e","","false","false","near_mint","en","AUD",""
"Eternal Might","deck","Hashaton, Scarab's Fist","DRC","Aetherdrift Commander","1","normal","mythic","1","","02645651-cd55-4bd0-8a4d-fa257270a0e0","","false","false","near_mint","en","AUD",""
"Eternal Might","deck","Irrigated Farmland","C20","Commander 2020","282","normal","rare","1","","54065d26-39ae-412c-b60e-d22d7f3e78be","","false","false","near_mint","en","AUD",""
"Eternal Might","deck","Island","J25","Foundations Jumpstart","86","normal","common","4","","0e443748-edf1-4499-9507-3649dd57ee95","","false","false","near_mint","en","AUD",""
"Eternal Might","deck","Isolated Chapel","DRC","Aetherdrift Commander","162","normal","rare","1","","7b68c431-ad14-439b-9513-67479af8f2c2","","false","false","near_mint","en","AUD",""
"Eternal Might","deck","Kindred Discovery","CLB","Commander Legends: Battle for Baldur's Gate","565","foil","rare","1","","7f744b4e-18be-4d41-8ea5-eac47a32cfcf","","false","false","near_mint","en","AUD",""
"Eternal Might","deck","Liliana, Death's Majesty","PLST","The List","AKH-97","normal","mythic","1","","bdcaf0f0-3681-463c-b132-58056156bc6a","","false","false","near_mint","en","AUD",""
"Eternal Might","deck","Lord of the Accursed","DRC","Aetherdrift Commander","95","normal","uncommon","1","","15750fb6-4141-4ad9-937d-e18c76154a85","","false","false","near_mint","en","AUD",""
"Eternal Might","deck","Lost Monarch of Ifnir","DRC","Aetherdrift Commander","11","normal","rare","1","","cae37ab0-9d60-45e9-98cb-e7427e508bc5","","false","false","near_mint","en","AUD",""
"Eternal Might","deck","Midnight Reaper","DRC","Aetherdrift Commander","44","normal","rare","1","","33c16202-4d7f-449c-8b29-144b2a9fda9a","","false","false","near_mint","en","AUD",""
"Eternal Might","deck","Murderous Rider // Swift End","DRC","Aetherdrift Commander","45","normal","rare","1","","67ea8e53-aa22-42d1-bca4-64b0b0f0bbdb","","false","false","near_mint","en","AUD",""
"Eternal Might","deck","Necroduality","INR","Innistrad Remastered","365","normal","mythic","1","","aa88f80f-7411-4f66-bb45-90fb7bd54667","","false","false","near_mint","en","AUD",""
"Eternal Might","deck","Never // Return","DRC","Aetherdrift Commander","96","normal","rare","1","","f6bb09b1-d28a-48c1-9d97-11bec84afb5e","","false","false","near_mint","en","AUD",""
"Eternal Might","deck","On Wings of Gold","DRC","Aetherdrift Commander","5","normal","rare","1","","d5e247d3-8542-4e6c-b256-5ae216eeceb0","","false","false","near_mint","en","AUD",""
"Eternal Might","deck","Orzhov Basilica","AFC","Forgotten Realms Commander","253","normal","uncommon","1","","fc063704-f0d3-46b5-9340-f80d431ce5dc","","false","false","near_mint","en","AUD",""
"Eternal Might","deck","Orzhov Signet","DRC","Aetherdrift Commander","134","normal","uncommon","1","","ca0d3984-fbb3-4661-a424-f79d2253e057","","false","false","near_mint","en","AUD",""
"Eternal Might","deck","Path of Ancestry","CMR","Commander Legends","353","normal","common","1","","1852c1e1-fbea-4b14-9927-4b1849f9b8a3","","false","false","near_mint","en","AUD",""
"Eternal Might","deck","Plague Belcher","DRC","Aetherdrift Commander","97","normal","rare","1","","26c3846a-b5a6-42ad-bcc0-96f2077b1b47","","false","false","near_mint","en","AUD",""
"Eternal Might","deck","Plains","J25","Foundations Jumpstart","81","normal","common","5","","a4446149-341b-449b-86e2-2b6b47b7a75e","","false","false","near_mint","en","AUD",""
"Eternal Might","deck","Prairie Stream","NCC","New Capenna Commander","421","normal","rare","1","","40e52996-863b-46ee-893a-6ecb29f23106","","false","false","near_mint","en","AUD",""
"Eternal Might","deck","Priest of the Crossing","DRC","Aetherdrift Commander","6","normal","rare","1","","f0740a86-84eb-4720-b4d7-c5f5e561ddc7","","false","false","near_mint","en","AUD",""
"Eternal Might","deck","Prophet of the Scarab","DRC","Aetherdrift Commander","9","normal","rare","1","","0208b947-78d9-45bd-855f-846d9a7c547d","","false","false","near_mint","en","AUD",""
"Eternal Might","deck","Reconnaissance Mission","MAR","Marvel Universe","59","normal","mythic","1","","875dfbf5-9313-439b-b021-8b92d898baa4","","false","false","near_mint","en","AUD",""
"Eternal Might","deck","Renewed Solidarity","DRC","Aetherdrift Commander","7","normal","rare","1","","9a72b230-dbb0-4d38-ba7a-fb0bd03b6c47","","false","false","near_mint","en","AUD",""
"Eternal Might","deck","Rhet-Tomb Mystic","DRC","Aetherdrift Commander","10","normal","rare","1","","131a68e6-09ee-4afd-a0e1-d63bbc0775e8","","false","false","near_mint","en","AUD",""
"Eternal Might","deck","Rooftop Storm","PLST","The List","ISD-71","normal","rare","1","","3fe2c09a-584d-434b-92a4-cb75c69719c7","","false","false","near_mint","en","AUD",""
"Eternal Might","deck","Rot Hulk","DRC","Aetherdrift Commander","98","normal","mythic","1","","83b0c93a-d1f7-4694-990b-6c2c70648bbc","","false","false","near_mint","en","AUD",""
"Eternal Might","deck","Sol Ring","DRC","Aetherdrift Commander","56","normal","uncommon","1","","fe202721-c5be-46de-9fb3-ac18c699e10d","","false","false","near_mint","en","AUD",""
"Eternal Might","deck","Sunken Hollow","C20","Commander 2020","318","normal","rare","1","","bba559bc-dcbf-41a1-b5c0-e1fc850d657b","","false","false","near_mint","en","AUD",""
"Eternal Might","deck","Swamp","J25","Foundations Jumpstart","89","normal","common","5","","02fe3fdf-1d21-4e35-b0f3-3bcde7b05e23","","false","false","near_mint","en","AUD",""
"Eternal Might","deck","Swords to Plowshares","DRC","Aetherdrift Commander","37","normal","uncommon","1","","3b701a88-6074-476f-b87c-9a6d5d22c414","","false","false","near_mint","en","AUD",""
"Eternal Might","deck","Talisman of Dominance","MIC","Midnight Hunt Commander","164","normal","uncommon","1","","56f62d84-f62f-4363-a99e-fe5387c3d77e","","false","false","near_mint","en","AUD",""
"Eternal Might","deck","Talisman of Hierarchy","MH1","Modern Horizons","233","normal","uncommon","1","","826f99c7-f534-4183-8f0d-efe1609808ac","","false","false","near_mint","en","AUD",""
"Eternal Might","deck","Temple of Deceit","SCD","Starter Commander Decks","324","normal","rare","1","","5f94415c-369f-4ebd-8e6a-f027ede114e8","","false","false","near_mint","en","AUD",""
"Eternal Might","deck","Temple of Silence","M21","Core Set 2021","255","normal","rare","1","","0f5b0f0a-dc16-45e2-91ab-28e0b9f66d00","","false","false","near_mint","en","AUD",""
"Eternal Might","deck","Terramorphic Expanse","CM2","Commander Anthology Volume II","273","normal","common","1","","9e612d81-f388-42c3-b5d5-7bcaf46ace47","","false","false","near_mint","en","AUD",""
"Eternal Might","deck","The Scarab God","DRC","Aetherdrift Commander","120","normal","mythic","1","","7546b37d-c83a-4632-bebf-cc46d114481f","","false","false","near_mint","en","AUD",""
"Eternal Might","deck","Timeless Dragon","DRC","Aetherdrift Commander","67","normal","rare","1","","21070f13-42b3-40c6-8909-25337be6ea6d","","false","false","near_mint","en","AUD",""
"Eternal Might","deck","Undead Augur","DRC","Aetherdrift Commander","100","normal","uncommon","1","","5d86f1a9-7c51-4456-b1d9-7fe82f073929","","false","false","near_mint","en","AUD",""
"Eternal Might","deck","Underground River","M3C","Modern Horizons 3 Commander","400","normal","rare","1","","5045f269-d931-4786-b7aa-4e0b1db1cd26","","false","false","near_mint","en","AUD",""
"Eternal Might","deck","Unholy Grotto","DRC","Aetherdrift Commander","182","normal","rare","1","","e29031f5-19c7-49d7-bd05-01d151592f4a","","false","false","near_mint","en","AUD",""
"Eternal Might","deck","Varina, Lich Queen","2X2","Double Masters 2022","291","normal","rare","1","","f1caccc8-4f33-4ae3-a09a-b41b9c4663a1","","false","false","near_mint","en","AUD",""
"Eternal Might","deck","Vizier of Many Faces","DRC","Aetherdrift Commander","84","normal","rare","1","","b8385f76-3057-4f8f-af84-f70214364870","","false","false","near_mint","en","AUD",""
"Eternal Might","deck","Wayward Servant","DRC","Aetherdrift Commander","121","normal","uncommon","1","","65475db4-ea0f-4ef3-ac2f-18e308c64682","","false","false","near_mint","en","AUD",""
"Eternal Might","deck","Wonder","TDC","Tarkir: Dragonstorm Commander","170","normal","uncommon","1","","567abd78-d4a3-4a33-9b5b-b5ca361059cc","","false","false","near_mint","en","AUD",""
"Eternal Might","deck","Zombie Master","DRC","Aetherdrift Commander","46","normal","rare","1","","8ba84f22-a78a-4a05-905d-a1e6f932350c","","false","false","near_mint","en","AUD",""
"Eternal Might","deck","Commander's Sphere","CM2","Commander Anthology Volume II","182","normal","common","1","","559da16a-d68e-4e92-8870-b4759d3bba84","","false","false","near_mint","en","AUD",""
"Eternal Might","deck","Commence the Endgame","WAR","War of the Spark","45","normal","rare","1","","209d70a2-c8c1-4072-ab1f-57804b55a09a","","false","false","near_mint","en","AUD",""
"Eternal Might","deck","Corpse Augur","CMA","Commander Anthology","52","normal","uncommon","1","","1b21cd81-9205-4f08-9ec3-478ce7e0ea82","","false","false","near_mint","en","AUD",""
"Eternal Might","deck","Dusk // Dawn","NCC","New Capenna Commander","198","normal","rare","1","","db0a5840-cbf7-4899-932b-8bdcbbf2e5f8","","false","false","near_mint","en","AUD",""
"Eternal Might","deck","Lazotep Chancellor","MH2","Modern Horizons 2","203","normal","uncommon","1","","82e68f3d-ef94-4651-a256-c72017f64b21","","false","false","near_mint","en","AUD",""
"Eternal Might","deck","Maskwood Nexus","PKHM","Kaldheim Promos","240p","normal","rare","1","","7bbcf127-8612-4569-a618-34507300d2ce","","false","false","near_mint","en","AUD",""
"Eternal Might","deck","Pull from Tomorrow","CLB","Commander Legends: Battle for Baldur's Gate","731","normal","rare","1","","d3d91bf6-25c7-4478-854a-e35290b6b049","","false","false","near_mint","en","AUD",""
"Eternal Might","deck","Twisted Abomination","EMA","Eternal Masters","110","normal","common","1","","a1335db4-dda0-4947-9ab6-1f140a1a8aa8","","false","false","near_mint","en","AUD",""
"Eternal Might","deck","Wizened Mentor","DRC","Aetherdrift Commander","8","normal","rare","1","","f903afd3-01b5-4892-bd78-8da1d2f36252","","false","false","near_mint","en","AUD",""
"Hosts of Mordor","deck","Sauron, Lord of the Rings","LTC","Tales of Middle-earth Commander","4","normal","mythic","1","","fc53dec0-79fe-4f6f-9d5b-cf298588e808","","false","false","near_mint","en","AUD",""
"Hosts of Mordor","deck","Anger","LTC","Tales of Middle-earth Commander","210","normal","uncommon","1","","59773a37-371f-44b8-9418-9d9a875b992c","","false","false","near_mint","en","AUD",""
"Hosts of Mordor","deck","Animate Dead","5ED","Fifth Edition","140","normal","uncommon","1","","1f2cd314-8f99-4443-ae86-a967effc7490","","false","false","near_mint","en","AUD",""
"Hosts of Mordor","deck","Arcane Denial","LTC","Tales of Middle-earth Commander","184","normal","common","1","","7e0cc18d-c6b8-4db1-ac07-0f17ae6d6c95","","false","false","near_mint","en","AUD",""
"Hosts of Mordor","deck","Arcane Signet","LTC","Tales of Middle-earth Commander","273","normal","common","1","","4e92354d-c203-41e1-822d-8263fadd9eb3","","false","false","near_mint","en","AUD",""
"Hosts of Mordor","deck","Basalt Monolith","LTC","Tales of Middle-earth Commander","274","normal","uncommon","1","","97d8dbc9-d9f3-4e8e-95d2-27917c152a29","","false","false","near_mint","en","AUD",""
"Hosts of Mordor","deck","Bitter Downfall","LTR","The Lord of the Rings: Tales of Middle-earth","77","normal","uncommon","1","","e4b83aa1-33ce-4b8d-ae5a-72f64eef5f09","","false","false","near_mint","en","AUD",""
"Hosts of Mordor","deck","Blasphemous Act","LTC","Tales of Middle-earth Commander","211","normal","rare","1","","cf9e842f-4840-49e3-b4f3-c2fad395d41a","","false","false","near_mint","en","AUD",""
"Hosts of Mordor","deck","Boon of the Wish-Giver","LTC","Tales of Middle-earth Commander","185","normal","uncommon","1","","bf2fa3fd-f6d9-4c23-9025-9b8b72da32dc","","false","false","near_mint","en","AUD",""
"Hosts of Mordor","deck","Call of the Ring","LTR","The Lord of the Rings: Tales of Middle-earth","79","normal","rare","1","","a92a2c5a-e450-494a-b23b-7ac0a6c50535","","false","false","near_mint","en","AUD",""
"Hosts of Mordor","deck","Cavern-Hoard Dragon","LTC","Tales of Middle-earth Commander","31","normal","rare","1","","c67e509e-a219-4f7f-b7eb-8c446cc0620a","","false","false","near_mint","en","AUD",""
"Hosts of Mordor","deck","Choked Estuary","FIC","Final Fantasy Commander","379","normal","rare","1","","d9cf2b77-afb0-4c21-bc23-6942ec292035","","false","false","near_mint","en","AUD",""
"Hosts of Mordor","deck","Command Tower","ELD","Throne of Eldraine","333","normal","common","1","","ec1f1041-f667-4b73-b1f2-e5bcae84095e","","false","false","near_mint","en","AUD",""
"Hosts of Mordor","deck","Commander's Sphere","LTC","Tales of Middle-earth Commander","276","normal","common","1","","6620b4a3-fa33-4bd7-9180-314919d8ea2a","","false","false","near_mint","en","AUD",""
"Hosts of Mordor","deck","Consider","LTC","Tales of Middle-earth Commander","187","normal","common","1","","1668af50-abd3-4b12-974a-b19fd010dc3e","","false","false","near_mint","en","AUD",""
"Hosts of Mordor","deck","Corsairs of Umbar","LTC","Tales of Middle-earth Commander","19","normal","rare","1","","159727a9-0bc4-497d-8fb2-4a66923726d8","","false","false","near_mint","en","AUD",""
"Hosts of Mordor","deck","Crumbling Necropolis","PLST","The List","C17-244","normal","uncommon","1","","63e44395-9703-4e8b-ac13-5f0daabb6477","","false","false","near_mint","en","AUD",""
"Hosts of Mordor","deck","Decree of Pain","LTC","Tales of Middle-earth Commander","199","normal","rare","1","","4dd53069-bf38-4358-95b7-6fd738aaeeab","","false","false","near_mint","en","AUD",""
"Hosts of Mordor","deck","Desolate Lighthouse","UMA","Ultimate Masters","242","normal","rare","1","","9f12cfe8-76cf-4709-bdc4-62c059f4eebd","","false","false","near_mint","en","AUD",""
"Hosts of Mordor","deck","Dragonskull Summit","LTC","Tales of Middle-earth Commander","304","normal","rare","1","","d0581897-7bdb-465e-ab52-9e656b9a5607","","false","false","near_mint","en","AUD",""
"Hosts of Mordor","deck","Drowned Catacomb","DRC","Aetherdrift Commander","152","normal","rare","1","","6b4097eb-a1e5-4560-80d8-11bb5628dd0d","","false","false","near_mint","en","AUD",""
"Hosts of Mordor","deck","Entomb","DMR","Dominaria Remastered","304","normal","rare","1","","750820a5-b03f-46ee-970a-b66845176853","","false","false","near_mint","en","AUD",""
"Hosts of Mordor","deck","Everflowing Chalice","LTC","Tales of Middle-earth Commander","278","normal","uncommon","1","","156464e7-3bb1-465f-939c-a9d290dc3ebc","","false","false","near_mint","en","AUD",""
"Hosts of Mordor","deck","Evolving Wilds","M20","Core Set 2020","246","normal","common","1","","ad0fa2fb-6770-4a81-b830-4acfa957655a","","false","false","near_mint","en","AUD",""
"Hosts of Mordor","deck","Fact or Fiction","LTC","Tales of Middle-earth Commander","190","normal","uncommon","1","","74d189fc-48fe-40f5-ae56-34b4dfc068d0","","false","false","near_mint","en","AUD",""
"Hosts of Mordor","deck","Faithless Looting","LTC","Tales of Middle-earth Commander","215","normal","common","1","","57102ba6-79ab-4487-a62a-926b30682421","","false","false","near_mint","en","AUD",""
"Hosts of Mordor","deck","Feed the Swarm","LTC","Tales of Middle-earth Commander","200","normal","common","1","","029e2a27-46f2-44fa-ac7c-462c69feab95","","false","false","near_mint","en","AUD",""
"Hosts of Mordor","deck","Field of Ruin","THB","Theros Beyond Death","242","normal","uncommon","1","","3e84e179-9d59-4d08-8a36-51ad2fc32ae3","","false","false","near_mint","en","AUD",""
"Hosts of Mordor","deck","Foreboding Ruins","NCC","New Capenna Commander","403","normal","rare","1","","39fe4a43-22a9-4c05-8c57-bca3a61e935e","","false","false","near_mint","en","AUD",""
"Hosts of Mordor","deck","Frostboil Snarl","M3C","Modern Horizons 3 Commander","344","normal","rare","1","","9800a62b-df61-4363-80ce-81815f279c18","","false","false","near_mint","en","AUD",""
"Hosts of Mordor","deck","Goblin Dark-Dwellers","LTC","Tales of Middle-earth Commander","219","normal","rare","1","","cb2091cb-4c20-4210-9917-6632c1d39dc1","","false","false","near_mint","en","AUD",""
"Hosts of Mordor","deck","Grishnákh, Brash Instigator","LTR","The Lord of the Rings: Tales of Middle-earth","134","normal","uncommon","1","","6385e769-f805-499d-9f47-494533362152","","false","false","near_mint","en","AUD",""
"Hosts of Mordor","deck","Guttersnipe","LTC","Tales of Middle-earth Commander","220","normal","uncommon","1","","d1ade999-a59c-4594-a787-b68fbf90bbb2","","false","false","near_mint","en","AUD",""
"Hosts of Mordor","deck","Hostage Taker","LTC","Tales of Middle-earth Commander","268","normal","rare","1","","183ae03f-ee62-4b5c-9f8f-16b21af8eaa0","","false","false","near_mint","en","AUD",""
"Hosts of Mordor","deck","In the Darkness Bind Them","LTC","Tales of Middle-earth Commander","58","normal","rare","1","","f7f7413b-0a65-4338-90eb-4b4c5462c21c","","false","false","near_mint","en","AUD",""
"Hosts of Mordor","deck","Inferno Titan","LTC","Tales of Middle-earth Commander","223","normal","mythic","1","","db61b57c-b870-41af-87b7-037ec52fe063","","false","false","near_mint","en","AUD",""
"Hosts of Mordor","deck","Island","J25","Foundations Jumpstart","86","normal","common","6","","0e443748-edf1-4499-9507-3649dd57ee95","","false","false","near_mint","en","AUD",""
"Hosts of Mordor","deck","Knollspine Dragon","LTC","Tales of Middle-earth Commander","224","normal","rare","1","","20dcd98d-01c8-45be-97ed-993a73b01b9c","","false","false","near_mint","en","AUD",""
"Hosts of Mordor","deck","Languish","LTC","Tales of Middle-earth Commander","202","normal","rare","1","","b4f5fc18-a62c-4771-9062-e7bb42bae7ff","","false","false","near_mint","en","AUD",""
"Hosts of Mordor","deck","Lidless Gaze","LTC","Tales of Middle-earth Commander","59","normal","rare","1","","6937954b-353a-47ac-a0c0-f731fe3881a6","","false","false","near_mint","en","AUD",""
"Hosts of Mordor","deck","Living Death","DDE","Duel Decks: Phyrexia vs. the Coalition","31","normal","rare","1","","902e75fd-f5d6-4102-9e9b-d8d05a97be86","","false","false","near_mint","en","AUD",""
"Hosts of Mordor","deck","Lord of the Nazgûl","LTC","Tales of Middle-earth Commander","60","normal","rare","1","","41e3d118-8f97-4c68-acff-2f90a055af5b","","false","false","near_mint","en","AUD",""
"Hosts of Mordor","deck","Merciless Executioner","LTC","Tales of Middle-earth Commander","204","normal","uncommon","1","","a034d73b-a511-4c02-946f-ea520f93a2a4","","false","false","near_mint","en","AUD",""
"Hosts of Mordor","deck","Mind Stone","LTC","Tales of Middle-earth Commander","282","normal","uncommon","1","","23dd6cb6-31ee-467e-9f67-39046197bcb6","","false","false","near_mint","en","AUD",""
"Hosts of Mordor","deck","Monstrosity of the Lake","LTC","Tales of Middle-earth Commander","22","normal","rare","1","","d72aa8fc-6808-4865-879e-417a300c40de","","false","false","near_mint","en","AUD",""
"Hosts of Mordor","deck","Moria Scavenger","LTC","Tales of Middle-earth Commander","63","normal","rare","1","","ea926187-ac8e-4197-8fd4-ac6b8d818d83","","false","false","near_mint","en","AUD",""
"Hosts of Mordor","deck","Mountain","J25","Foundations Jumpstart","90","normal","common","8","","a3a4da7d-a703-4f91-9ef7-ce269c0b63fb","","false","false","near_mint","en","AUD",""
"Hosts of Mordor","deck","Nightscape Familiar","DMR","Dominaria Remastered","94","normal","common","1","","4cf1918f-ad58-4f62-bd8c-649919de0e75","","false","false","near_mint","en","AUD",""
"Hosts of Mordor","deck","Notion Thief","LTC","Tales of Middle-earth Commander","270","normal","rare","1","","c7654035-7d5a-4897-af0e-429edebbb55b","","false","false","near_mint","en","AUD",""
"Hosts of Mordor","deck","Orcish Siegemaster","LTC","Tales of Middle-earth Commander","33","normal","rare","1","","1e9f9869-0f43-4eac-892f-26cd8a614330","","false","false","near_mint","en","AUD",""
"Hosts of Mordor","deck","Path of Ancestry","CMR","Commander Legends","353","normal","common","1","","1852c1e1-fbea-4b14-9927-4b1849f9b8a3","","false","false","near_mint","en","AUD",""
"Hosts of Mordor","deck","Rampaging War Mammoth","LTC","Tales of Middle-earth Commander","34","normal","rare","1","","dc13dbf0-c0ff-4c76-96c6-d3ee88ab2fce","","false","false","near_mint","en","AUD",""
"Hosts of Mordor","deck","Reanimate","LTC","Tales of Middle-earth Commander","206","normal","rare","1","","eee48ed0-3965-4bcc-8eee-bcd8f1607808","","false","false","near_mint","en","AUD",""
"Hosts of Mordor","deck","Relic of Sauron","LTC","Tales of Middle-earth Commander","79","normal","rare","1","","175b3d28-5c74-4972-9b5c-5e39762c78f4","","false","false","near_mint","en","AUD",""
"Hosts of Mordor","deck","Rogue's Passage","PLST","The List","C17-272","normal","uncommon","1","","bd7c49d3-a0c7-4df3-b732-53e4f562c201","","false","false","near_mint","en","AUD",""
"Hosts of Mordor","deck","Saruman, the White Hand","LTC","Tales of Middle-earth Commander","8","normal","mythic","1","","6487ccbf-f6cd-45a6-8514-2c458b655ef2","","false","false","near_mint","en","AUD",""
"Hosts of Mordor","deck","Scourge of the Throne","LTC","Tales of Middle-earth Commander","225","normal","mythic","1","","89b46f36-6115-4d86-82a3-9397a123091c","","false","false","near_mint","en","AUD",""
"Hosts of Mordor","deck","Shelob, Dread Weaver","LTC","Tales of Middle-earth Commander","29","normal","rare","1","","83944c19-6f9b-4043-9eeb-1a4ca452f698","","false","false","near_mint","en","AUD",""
"Hosts of Mordor","deck","Smoldering Marsh","VOC","Crimson Vow Commander","183","normal","rare","1","","c2cf99ba-19c4-4f03-901b-69b754b6c48a","","false","false","near_mint","en","AUD",""
"Hosts of Mordor","deck","Sol Ring","LTC","Tales of Middle-earth Commander","284","normal","uncommon","1","","5805f64c-dd88-4e94-8f0a-a01dae67e3ba","","false","false","near_mint","en","AUD",""
"Hosts of Mordor","deck","Subjugate the Hobbits","LTC","Tales of Middle-earth Commander","24","normal","rare","1","","6206d9f1-6a57-46a2-942f-6f20e33e5d6a","","false","false","near_mint","en","AUD",""
"Hosts of Mordor","deck","Sulfur Falls","DRC","Aetherdrift Commander","173","normal","rare","1","","eb24d2b9-8683-454b-b911-d694202d1081","","false","false","near_mint","en","AUD",""
"Hosts of Mordor","deck","Sulfurous Springs","M3C","Modern Horizons 3 Commander","381","normal","rare","1","","38c0d259-106c-4281-b96d-2747e00e521d","","false","false","near_mint","en","AUD",""
"Hosts of Mordor","deck","Summons of Saruman","LTC","Tales of Middle-earth Commander","70","normal","rare","1","","cbb1bc1f-b1d6-4639-b892-9b1ff6ed65fb","","false","false","near_mint","en","AUD",""
"Hosts of Mordor","deck","Sunken Hollow","C20","Commander 2020","318","normal","rare","1","","bba559bc-dcbf-41a1-b5c0-e1fc850d657b","","false","false","near_mint","en","AUD",""
"Hosts of Mordor","deck","Swamp","J25","Foundations Jumpstart","89","normal","common","7","","02fe3fdf-1d21-4e35-b0f3-3bcde7b05e23","","false","false","near_mint","en","AUD",""
"Hosts of Mordor","deck","Terramorphic Expanse","CM2","Commander Anthology Volume II","273","normal","common","1","","9e612d81-f388-42c3-b5d5-7bcaf46ace47","","false","false","near_mint","en","AUD",""
"Hosts of Mordor","deck","The Balrog of Moria","LTC","Tales of Middle-earth Commander","46","normal","rare","1","","2a3fcfdc-f2cf-42d8-8bb4-7308bc12746e","","false","false","near_mint","en","AUD",""
"Hosts of Mordor","deck","The Black Gate","LTC","Tales of Middle-earth Commander","80","normal","rare","1","","46418186-c215-47c4-9d0a-d15a1d8ca613","","false","false","near_mint","en","AUD",""
"Hosts of Mordor","deck","The Mouth of Sauron","LTR","The Lord of the Rings: Tales of Middle-earth","216","normal","uncommon","1","","76a88814-aa30-4297-b338-3d851bfe7256","","false","false","near_mint","en","AUD",""
"Hosts of Mordor","deck","Thrill of Possibility","LTC","Tales of Middle-earth Commander","229","normal","common","1","","7f81cdab-2a4e-4518-bfc3-7ccda8f2e806","","false","false","near_mint","en","AUD",""
"Hosts of Mordor","deck","Too Greedily, Too Deep","LTC","Tales of Middle-earth Commander","72","normal","rare","1","","328b93f0-5078-4334-9c95-60ecdd17a388","","false","false","near_mint","en","AUD",""
"Hosts of Mordor","deck","Treason of Isengard","LTR","The Lord of the Rings: Tales of Middle-earth","74","normal","common","1","","71f97505-c961-4890-acd0-32a63919ac2a","","false","false","near_mint","en","AUD",""
"Hosts of Mordor","deck","Treasure Nabber","LTC","Tales of Middle-earth Commander","230","normal","rare","1","","27822718-27eb-484d-94b9-55fbe3fc03cc","","false","false","near_mint","en","AUD",""
"Hosts of Mordor","deck","Troll of Khazad-dûm","LTR","The Lord of the Rings: Tales of Middle-earth","111","normal","common","1","","a6539e26-b63b-4725-9407-caaf451de084","","false","false","near_mint","en","AUD",""
"Hosts of Mordor","deck","Underground River","M3C","Modern Horizons 3 Commander","400","normal","rare","1","","5045f269-d931-4786-b7aa-4e0b1db1cd26","","false","false","near_mint","en","AUD",""
"Hosts of Mordor","deck","Victimize","SCD","Starter Commander Decks","118","normal","uncommon","1","","6f5e8449-f643-41b4-977f-45a6f62546d4","","false","false","near_mint","en","AUD",""
"Hosts of Mordor","deck","Voracious Fell Beast","LTR","The Lord of the Rings: Tales of Middle-earth","113","normal","uncommon","1","","d9b7d7f8-503d-4660-9a18-6a8e2fcaa25f","","false","false","near_mint","en","AUD",""
"Hosts of Mordor","deck","Wake the Dragon","LTC","Tales of Middle-earth Commander","74","normal","rare","1","","f9cf5f78-0316-4c35-a40e-9bfba2e46ad8","","false","false","near_mint","en","AUD",""
"Hosts of Mordor","deck","Worn Powerstone","LTC","Tales of Middle-earth Commander","293","normal","uncommon","1","","329342a8-5708-4332-868a-7410d7461647","","false","false","near_mint","en","AUD",""
"Hosts of Mordor","deck","Deep Analysis","PLST","The List","EMA-45","normal","common","1","","7b576264-da33-4272-98cf-70d1af1105b1","","false","false","near_mint","en","AUD",""
"Hosts of Mordor","deck","Extract from Darkness","ZNC","Zendikar Rising Commander","90","normal","uncommon","1","","cbf32d5c-8d86-4e38-8d70-9ec369edac6e","","false","false","near_mint","en","AUD",""
"Hosts of Mordor","deck","Fiery Inscription","LTR","The Lord of the Rings: Tales of Middle-earth","126","normal","uncommon","1","","8c321159-43e5-40fc-9f0c-4ecc4f6cfd20","","false","false","near_mint","en","AUD",""
"Hosts of Mordor","deck","Forbidden Alchemy","PLST","The List","MM3-38","normal","common","1","","86fbd65c-544f-48fa-9697-4c3a147b01b1","","false","false","near_mint","en","AUD",""
"Hosts of Mordor","deck","Goblin Cratermaker","GRN","Guilds of Ravnica","103","normal","uncommon","1","","86ecaedc-08f1-4de7-aae8-056df57940e0","","false","false","near_mint","en","AUD",""
"Hosts of Mordor","deck","Gríma, Saruman's Footman","LTC","Tales of Middle-earth Commander","57","normal","rare","1","","00f40514-d37d-423f-aa0c-1875300f43a8","","false","false","near_mint","en","AUD",""
"Hosts of Mordor","deck","Revenge of Ravens","ELD","Throne of Eldraine","104","normal","uncommon","1","","3474289a-193e-452d-b248-e53ee99e22c0","","false","false","near_mint","en","AUD",""
"Hosts of Mordor","deck","Shiny Impetus","C20","Commander 2020","55","normal","uncommon","1","","0aa80931-0501-4712-a11b-563a3cd1e1c9","","false","false","near_mint","en","AUD",""
"Hosts of Mordor","deck","Siege-Gang Commander","DOM","Dominaria","143","normal","rare","1","","f59ff087-97e7-4946-871f-1833abb2558a","","false","false","near_mint","en","AUD",""
